group,stream,pol,acc,ll,resets,d_acc
new,gas,none,88.95652173913044,1.0117443778613593,0,0.0
new,gas,ddmM,81.59420289855072,2.137967774168797,53,-7.362318840579718
new,gas,ddm,81.59420289855072,2.137967774168797,53,-7.362318840579718
new,gas,ddm+half,85.98550724637681,1.2859989427972685,48,-2.971014492753621
new,gas,ddm+hedge,86.95652173913044,1.066597333448574,47,-2.0000000000000018
new,gas,eddm,82.90579710144928,1.8595426069449463,38,-6.05072463768116
new,gas,eddm+half,86.45652173913044,1.2104515621856906,31,-2.500000000000002
new,gas,eddm+hedge,88.08695652173914,1.037155392588478,28,-0.8695652173912993
new,gas,fhddm,81.8623188405797,1.933310051025628,27,-7.094202898550728
new,gas,fhddm+half,87.02173913043478,1.084364650713534,20,-1.934782608695651
new,gas,fhddm+hedge,88.0217391304348,1.0413966313393839,19,-0.934782608695639
new,gas,hddma,82.68840579710144,1.9251342720245694,44,-6.268115942028995
new,gas,hddma+half,85.97826086956523,1.2713363382789937,39,-2.978260869565208
new,gas,hddma+hedge,86.89130434782608,1.0566308801753637,37,-2.0652173913043526
new,gas,hddmw,83.95652173913042,1.7210164210327814,37,-5.000000000000004
new,gas,hddmw+half,86.53623188405798,1.2044835733214017,34,-2.420289855072455
new,gas,hddmw+hedge,87.81884057971014,1.045101978213691,30,-1.1376811594202896
new,gas,adwin,83.33333333333334,1.842010755643846,39,-5.623188405797097
new,gas,adwin+half,85.92753623188408,1.250199290331055,36,-3.0289855072463623
new,gas,adwin+hedge,87.34057971014494,1.0515889358175967,31,-1.6159420289854953
new,gas,ph,82.51449275362319,1.7989983524009638,20,-6.442028985507243
new,gas,ph+half,88.13768115942031,1.0337201166625956,14,-0.8188405797101228
new,gas,ph+hedge,87.84057971014494,1.0306815683482171,14,-1.1159420289854949
new,gas,kswin,81.6086956521739,1.999939728708519,40,-7.347826086956532
new,gas,kswin+half,86.76811594202898,1.2013163345475384,35,-2.188405797101456
new,gas,kswin+hedge,87.15217391304348,1.044680895699872,31,-1.8043478260869494
new,occupancy,none,95.96078431372548,0.18547826292113057,0,0.0
new,occupancy,ddmM,94.36764705882354,0.21324700949023523,34,-1.5931372549019551
new,occupancy,ddm,94.36764705882354,0.21324700949023523,34,-1.5931372549019551
new,occupancy,ddm+half,95.65196078431373,0.19091663435331746,33,-0.3088235294117614
new,occupancy,ddm+hedge,95.31372549019608,0.19343139903191475,35,-0.6470588235294117
new,occupancy,eddm,94.75490196078432,0.23322249900940362,18,-1.2058823529411677
new,occupancy,eddm+half,95.76960784313727,0.19024965438385635,15,-0.19117647058822795
new,occupancy,eddm+hedge,95.52941176470588,0.18831035475421642,15,-0.4313725490196041
new,occupancy,fhddm,93.27941176470588,0.4556033741875566,17,-2.6813725490196005
new,occupancy,fhddm+half,95.70588235294119,0.1909977519835065,12,-0.25490196078430394
new,occupancy,fhddm+hedge,94.38235294117646,0.19991337121689057,15,-1.5784313725490273
new,occupancy,hddma,94.8186274509804,0.21348622704633538,27,-1.1421568627450918
new,occupancy,hddma+half,95.95588235294117,0.1877832918610861,26,-0.004901960784309267
new,occupancy,hddma+hedge,95.48039215686276,0.18936501059894165,26,-0.48039215686273007
new,occupancy,hddmw,95.00980392156862,0.2251293481237069,20,-0.9509803921568638
new,occupancy,hddmw+half,96.00490196078432,0.1889959775092828,16,0.044117647058838916
new,occupancy,hddmw+hedge,95.52450980392157,0.18872707157491103,19,-0.43627450980391336
new,occupancy,adwin,94.32843137254903,0.3251655889396838,22,-1.6323529411764626
new,occupancy,adwin+half,95.74999999999999,0.190510644780458,18,-0.21078431372549833
new,occupancy,adwin+hedge,94.98039215686273,0.1930719350734034,20,-0.9803921568627527
new,occupancy,ph,94.93627450980394,0.26828218874246224,12,-1.0245098039215583
new,occupancy,ph+half,96.06372549019608,0.18683379360380017,8,0.10294117647058343
new,occupancy,ph+hedge,95.50980392156862,0.19156027416709834,11,-0.45098039215686336
new,occupancy,kswin,94.46568627450979,0.29911398776821924,24,-1.495098039215692
new,occupancy,kswin+half,95.7892156862745,0.18996372156452068,18,-0.17156862745097978
new,occupancy,kswin+hedge,95.25980392156862,0.19157848713947426,19,-0.7009803921568691
new,room,none,95.66,0.37076128358136645,0,0.0
new,room,ddmM,92.71000000000001,0.9324473456861132,17,-2.949999999999997
new,room,ddm,92.71000000000001,0.9324473456861132,17,-2.949999999999997
new,room,ddm+half,96.02000000000001,0.3700117231753506,15,0.36000000000000476
new,room,ddm+hedge,93.72,0.39963405413088027,16,-1.9399999999999973
new,room,eddm,93.43,0.856705927432751,11,-2.2299999999999986
new,room,eddm+half,96.0,0.37166799403094686,7,0.33999999999999586
new,room,eddm+hedge,94.2,0.3891667319783733,10,-1.4599999999999946
new,room,fhddm,93.44,0.8290553194039778,5,-2.2199999999999998
new,room,fhddm+half,95.69999999999999,0.36802021472581714,3,0.03999999999998449
new,room,fhddm+hedge,94.32000000000001,0.3874534057353317,5,-1.3399999999999967
new,room,hddma,92.71000000000001,0.9324473456861132,17,-2.949999999999997
new,room,hddma+half,96.02000000000001,0.37276094443456215,12,0.36000000000000476
new,room,hddma+hedge,93.72,0.39963405413088027,16,-1.9399999999999973
new,room,hddmw,92.95,0.9320845102671192,15,-2.7100000000000013
new,room,hddmw+half,96.01,0.3713550714216281,9,0.35000000000000586
new,room,hddmw+hedge,94.19,0.396782647512026,12,-1.4700000000000046
new,room,adwin,93.43,0.8818557849718682,11,-2.2299999999999986
new,room,adwin+half,96.0,0.37166799403094686,7,0.33999999999999586
new,room,adwin+hedge,94.2,0.390622960300994,10,-1.4599999999999946
new,room,ph,93.28999999999999,0.8660067701251635,8,-2.3700000000000054
new,room,ph+half,96.02,0.3725364221269849,5,0.35999999999999366
new,room,ph+hedge,95.3,0.3790371371518991,6,-0.36000000000000476
new,room,kswin,93.34,0.8812650329155121,13,-2.32
new,room,kswin+half,96.01,0.3713550714216281,9,0.35000000000000586
new,room,kswin+hedge,94.2,0.39656415493799524,12,-1.4599999999999946
new,bank,none,89.93414634146342,0.27583680171862934,0,0.0
new,bank,ddmM,89.9170731707317,0.27625504658249106,8,-0.017073170731718434
new,bank,ddm,89.9170731707317,0.27625504658249106,8,-0.017073170731718434
new,bank,ddm+half,89.92682926829268,0.2759466847122469,9,-0.007317073170731714
new,bank,ddm+hedge,89.90487804878049,0.2758993814790745,9,-0.029268292682926855
new,bank,eddm,89.72682926829269,0.27896348867898885,64,-0.2073170731707319
new,bank,eddm+half,89.8780487804878,0.27645146340871685,90,-0.056097560975609806
new,bank,eddm+hedge,89.98048780487804,0.2758383222408834,47,0.046341463414623085
new,bank,fhddm,89.88536585365853,0.27655917407344516,5,-0.048780487804889194
new,bank,fhddm+half,89.9219512195122,0.27587743213231747,5,-0.012195121951219523
new,bank,fhddm+hedge,89.94634146341463,0.27592824430125806,5,0.01219512195120842
new,bank,hddma,89.94146341463414,0.27634659937541395,5,0.007317073170731714
new,bank,hddma+half,89.9170731707317,0.2762046244885291,5,-0.017073170731718434
new,bank,hddma+hedge,89.96341463414635,0.27583660770945534,5,0.029268292682926855
new,bank,hddmw,89.8780487804878,0.2772283091994544,9,-0.056097560975609806
new,bank,hddmw+half,89.91463414634146,0.2763697789849869,10,-0.01951219512196234
new,bank,hddmw+hedge,89.93414634146342,0.27601043944904813,8,0.0
new,bank,adwin,90.03170731707317,0.2763399615804939,9,0.09756097560975618
new,bank,adwin+half,89.96585365853659,0.27622889569853437,9,0.03170731707317076
new,bank,adwin+hedge,90.00731707317073,0.27566497372254534,9,0.07317073170730604
new,bank,ph,89.90487804878049,0.2764927390089,11,-0.029268292682926855
new,bank,ph+half,89.92926829268292,0.2761765723528558,11,-0.0048780487804989114
new,bank,ph+hedge,89.94634146341463,0.2756227896340795,11,0.01219512195120842
new,bank,kswin,89.93170731707318,0.2772565066071806,5,-0.0024390243902439046
new,bank,kswin+half,89.93170731707318,0.27654165683128173,6,-0.0024390243902439046
new,bank,kswin+hedge,89.96829268292683,0.2760024386766073,5,0.034146341463414664
new,kdd,none,98.94294294294295,0.11145300567400009,0,0.0
new,kdd,ddmM,98.64564564564566,0.13094257450304994,59,-0.29729729729729426
new,kdd,ddm,98.65165165165165,0.12825197452919518,58,-0.2912912912912957
new,kdd,ddm+half,98.92592592592592,0.11150132392326483,51,-0.017017017017018077
new,kdd,ddm+hedge,98.8938938938939,0.11106758980963456,53,-0.049049049049043614
new,kdd,eddm,98.72972972972973,0.11895812970742042,23,-0.21321321321321474
new,kdd,eddm+half,98.94394394394395,0.11154896924009967,20,0.0010010010009997572
new,kdd,eddm+hedge,98.95795795795796,0.11154237865929222,19,0.01501501501500746
new,kdd,fhddm,98.64664664664666,0.15324597492856687,18,-0.2962962962962945
new,kdd,fhddm+half,98.91191191191191,0.11267953439055158,14,-0.031031031031036882
new,kdd,fhddm+hedge,98.72372372372372,0.11362670138717089,17,-0.21921921921922438
new,kdd,hddma,98.7897897897898,0.1155250064863863,34,-0.1531531531531516
new,kdd,hddma+half,98.94594594594595,0.11209444251515249,31,0.0030030030029992716
new,kdd,hddma+hedge,98.96596596596598,0.11119355161937754,31,0.023023023023027722
new,kdd,hddmw,98.78278278278279,0.11567482780853361,26,-0.160160160160161
new,kdd,hddmw+half,98.94594594594595,0.11201822125596385,24,0.0030030030029992716
new,kdd,hddmw+hedge,98.96496496496498,0.11117888674697084,24,0.022022022022027965
new,kdd,adwin,98.77577577577577,0.11591062876340814,32,-0.1671671671671704
new,kdd,adwin+half,98.94494494494495,0.11200211688854733,28,0.0020020020019995144
new,kdd,adwin+hedge,98.96496496496498,0.111132320932759,28,0.022022022022027965
new,kdd,ph,98.97297297297297,0.11039038041569627,11,0.030030030030026023
new,kdd,ph+half,98.97897897897897,0.11072151318067498,11,0.036036036036024566
new,kdd,ph+hedge,98.994994994995,0.11072064389029582,11,0.05205205205205399
new,kdd,kswin,98.75675675675676,0.11590800349723669,25,-0.18618618618618799
new,kdd,kswin+half,98.94894894894894,0.11182541352089514,22,0.006006006005998543
new,kdd,kswin+hedge,98.96496496496498,0.11138512146805962,22,0.022022022022027965
