rep,policy,stream,mean_s,median_s,p95_s,max_s,rows_per_s,peak_alloc_mib,peak_reserved_mib,peak_rss_mib,calls,closing_mean_s,nonclosing_mean_s,replay_s_per_batch,pool_experts_mean
0,micev1000_500,h4_airlines_d,0.8298762179608457,0.735156774520874,1.4569026470184328,2.155961275100708,120.5144750361182,90.421875,216.0,1782.56640625,1599.0,1.2771450400352478,0.717933542529742,0.00010037593000258009,1.61
0,micev1000_500,h4_covertype_d,0.9645131122056045,0.8240882158279419,1.5819243669509888,2.052363395690918,103.68629369917241,210.4072265625,1526.0,1789.41015625,1366.0,1.4775534470876057,0.8361711730559667,6.548434331004197e-05,0.9866666666666667
0,micev1000_500,insects_abrupt_balanced,1.4459640290731721,1.338628888130188,3.4091561675071715,4.071628570556641,69.16195717054701,289.1064453125,1294.0,1816.91015625,1988.0,2.351720611254374,1.2194218238194783,8.244776671441893e-05,2.8366666666666664
0,fifo1000,h4_airlines_d,0.18445701519648233,0.17267990112304688,0.21843143701553344,1.7639806270599365,542.1317258846495,76.1044921875,158.0,1732.859375,300.0,,,,
0,fifo1000,h4_covertype_d,0.25249406178792316,0.23782134056091309,0.3432621836662295,1.5482280254364014,396.04891810878627,163.24267578125,1088.0,1755.8203125,300.0,,,,
0,fifo1000,insects_abrupt_balanced,0.23025043567021689,0.22312307357788086,0.2670428037643433,1.4452617168426514,434.3097102462295,221.5234375,1062.0,1646.75390625,292.0,,,,
0,fifo1500,h4_airlines_d,0.19260956684748332,0.1814122200012207,0.2350133538246155,1.8887062072753906,519.1850105721091,94.47412109375,322.0,1726.9609375,300.0,,,,
0,fifo1500,h4_covertype_d,0.2936317205429077,0.28426551818847656,0.4075425863265991,1.0575075149536133,340.5626606522821,221.18212890625,1912.0,1752.75,300.0,,,,
0,fifo1500,insects_abrupt_balanced,0.3129939079284668,0.30019044876098633,0.3522054076194766,1.574660062789917,319.49503637896527,307.00830078125,2122.0,1649.40234375,297.0,,,,
0,fifo2000,h4_airlines_d,0.18967177549997966,0.16770005226135254,0.2347352981567383,1.4574143886566162,527.2265719894141,112.5693359375,570.0,1756.51171875,300.0,,,,
0,fifo2000,h4_covertype_d,0.3475894379615784,0.3386192321777344,0.4577265501022339,1.6983880996704102,287.69573835857966,279.7900390625,2980.0,1777.015625,300.0,,,,
0,fifo2000,insects_abrupt_balanced,0.39634177843729657,0.3888545036315918,0.4475076079368592,1.4407908916473389,252.30749176703446,390.384765625,3552.0,1651.8984375,300.0,,,,
0,fifo3000,h4_airlines_d,0.21991528113683065,0.20683038234710693,0.24712882041931153,1.215013027191162,454.72056094992456,148.7578125,1258.0,1748.5,300.0,,,,
0,fifo3000,h4_covertype_d,0.48419768651326495,0.48152434825897217,0.5786844611167908,1.729529857635498,206.52721560919812,395.26708984375,5806.0,1763.7109375,300.0,,,,
0,fifo3000,insects_abrupt_balanced,0.5734663510322571,0.5768735408782959,0.6542704939842224,1.5663156509399414,174.37814759313588,560.0625,7526.0,1660.56640625,300.0,,,,
0,fifo5000,h4_airlines_d,0.3255117869377136,0.32179713249206543,0.3582256674766541,1.57088303565979,307.20853748726125,221.490234375,3570.0,1755.12109375,300.0,,,,
0,fifo5000,h4_covertype_d,0.7726372329394022,0.8114321231842041,0.9252016305923463,1.5858266353607178,129.42684579095734,628.44189453125,13748.0,1782.0703125,300.0,,,,
0,fifo5000,insects_abrupt_balanced,0.9532511774698893,1.0028703212738037,1.0986011505126954,1.3088724613189697,104.90414526989528,899.1962890625,19974.0,1683.2890625,300.0,,,,
0,fifo13400,h4_airlines_d,0.7729376769065857,0.9555332660675049,1.0259650588035585,1.638113021850586,129.37653705822083,528.318359375,23946.0,1781.75,300.0,,,,
0,fifo13400,h4_covertype_d,2.1622312744458516,2.8303719758987427,2.952953267097473,4.702568531036377,46.24852169230997,1600.1943359375,28636.0,1843.50390625,300.0,,,,
0,fifo13400,insects_abrupt_balanced,2.802107536792755,3.7013556957244873,3.8192153453826907,4.214872121810913,35.687424085964345,2315.404296875,28590.0,1758.44921875,300.0,,,,
0,winens1000,h4_airlines_d,0.4552030309041341,0.42707645893096924,0.5570353865623474,1.956336498260498,219.68219280389638,76.1044921875,164.0,1730.1875,900.0,,,,
0,winens1000,h4_covertype_d,0.5904667520523071,0.5590898990631104,0.7081667542457581,2.1405420303344727,169.35754579309724,163.24267578125,1094.0,1751.765625,891.0,,,,
0,winens1000,insects_abrupt_balanced,0.531756735642751,0.5167886018753052,0.6579572200775147,1.9893052577972412,188.05591598031543,221.5234375,1064.0,1654.29296875,860.0,,,,
1,fifo1000,h4_airlines_d,0.1636522889137268,0.14671266078948975,0.205135715007782,1.5076308250427246,611.0516428689695,76.1044921875,158.0,1732.1171875,300.0,,,,
1,fifo1000,h4_covertype_d,0.251341548760732,0.2350139617919922,0.34793962240219123,1.7700636386871338,397.8649789223522,163.24267578125,1088.0,1770.47265625,300.0,,,,
1,fifo1000,insects_abrupt_balanced,0.2347061014175415,0.2229299545288086,0.2731340765953064,1.3465077877044678,426.0647652363339,221.5234375,1062.0,1643.64453125,292.0,,,,
1,fifo1500,h4_airlines_d,0.1709994149208069,0.15492546558380127,0.2083886981010437,1.2490079402923584,584.7973225306761,94.47412109375,322.0,1726.78125,300.0,,,,
1,fifo1500,h4_covertype_d,0.30140827178955076,0.285963773727417,0.39857261180877684,1.6445717811584473,331.7758978752314,221.18212890625,1912.0,1764.78125,300.0,,,,
1,fifo1500,insects_abrupt_balanced,0.30752028147379556,0.2988460063934326,0.34076350927352905,1.2903871536254883,325.18180433741963,307.00830078125,2122.0,1647.796875,297.0,,,,
1,fifo2000,h4_airlines_d,0.2035087521870931,0.19830143451690674,0.24867899417877212,1.3391623497009277,491.37935801437334,112.5693359375,570.0,1743.3125,300.0,,,,
1,fifo2000,h4_covertype_d,0.3464817794164022,0.33513879776000977,0.4472569465637207,1.742469310760498,288.6154653454948,279.7900390625,2980.0,1769.6640625,300.0,,,,
1,fifo2000,insects_abrupt_balanced,0.39687584082285565,0.3890550136566162,0.4475316882133484,1.5728602409362793,251.9679701154566,390.384765625,3552.0,1649.4453125,300.0,,,,
1,fifo3000,h4_airlines_d,0.21249143520991007,0.20301568508148193,0.22983076572418218,1.2526154518127441,470.60720306780746,148.7578125,1258.0,1748.4453125,300.0,,,,
1,fifo3000,h4_covertype_d,0.4740593894322713,0.4757194519042969,0.5872870445251466,1.2725770473480225,210.94403407927217,395.26708984375,5806.0,1763.95703125,300.0,,,,
1,fifo3000,insects_abrupt_balanced,0.570424116452535,0.5775752067565918,0.6396685004234314,1.3316805362701416,175.30815601188033,560.0625,7526.0,1662.95703125,300.0,,,,
1,fifo5000,h4_airlines_d,0.3156203603744507,0.3121272325515747,0.3560931563377381,1.5348968505859375,316.83634060033523,221.490234375,3570.0,1771.36328125,300.0,,,,
1,fifo5000,h4_covertype_d,0.7542101303736369,0.8007475137710571,0.8778779983520509,1.0817737579345703,132.5890437860598,628.44189453125,13748.0,1787.05078125,300.0,,,,
1,fifo5000,insects_abrupt_balanced,0.9381085785230001,0.9952528476715088,1.0721610069274903,1.6007392406463623,106.5974688744926,899.1962890625,19974.0,1683.74609375,300.0,,,,
1,fifo13400,h4_airlines_d,0.7518072787920634,0.9539594650268555,0.9904904842376709,1.1060090065002441,133.01281168848357,528.318359375,23946.0,1774.02734375,300.0,,,,
1,fifo13400,h4_covertype_d,2.153301115036011,2.831622004508972,2.956423246860504,3.2519993782043457,46.44032332576378,1600.1943359375,28636.0,1837.609375,300.0,,,,
1,fifo13400,insects_abrupt_balanced,2.8098368573188783,3.693516969680786,3.816315710544586,4.14628005027771,35.58925484927233,2315.404296875,28590.0,1745.94140625,300.0,,,,
1,winens1000,h4_airlines_d,0.46248300075531007,0.4311751127243042,0.5814483761787416,1.6936676502227783,216.2241635620849,76.1044921875,164.0,1731.98828125,900.0,,,,
1,winens1000,h4_covertype_d,0.5889022390047709,0.5629352331161499,0.7074591159820557,1.7023789882659912,169.80747121796875,163.24267578125,1094.0,1753.78515625,891.0,,,,
1,winens1000,insects_abrupt_balanced,0.5287456115086874,0.5178642272949219,0.6576922059059144,1.631852388381958,189.12686521343733,221.5234375,1064.0,1649.3125,860.0,,,,
1,micev1000_500,h4_airlines_d,0.8286775067196384,0.7292836904525757,1.4407310009002685,1.8415513038635254,120.68334937064142,90.421875,216.0,1802.55078125,1599.0,1.279869278271993,0.7158010830481847,6.278462669191261e-05,1.61
1,micev1000_500,h4_covertype_d,0.9527430525921712,0.8115755319595337,1.5401661038398742,1.9434514045715332,104.96719773819375,210.4072265625,1526.0,1783.83203125,1366.0,1.4672892610232036,0.8240258991718292,6.448105006711557e-05,0.9866666666666667
1,micev1000_500,insects_abrupt_balanced,1.4012105964742174,1.2984589338302612,3.3329482316970824,4.268492937088013,71.37088114966006,289.1064453125,1294.0,1818.43359375,1988.0,2.2907112797101337,1.1787367343902588,7.895301998360082e-05,2.8366666666666664
2,fifo1500,h4_airlines_d,0.1848089138666789,0.16639721393585205,0.2303331732749939,1.3675537109375,541.0994410807479,94.47412109375,322.0,1732.5390625,300.0,,,,
2,fifo1500,h4_covertype_d,0.2956353290875753,0.28263187408447266,0.39512770175933837,1.5908033847808838,338.2545662205929,221.18212890625,1912.0,1751.99609375,300.0,,,,
2,fifo1500,insects_abrupt_balanced,0.30944016297658283,0.2991631031036377,0.353871750831604,1.2833685874938965,323.1642558550733,307.00830078125,2122.0,1661.93359375,297.0,,,,
2,fifo2000,h4_airlines_d,0.18344292640686036,0.16708171367645264,0.2132890701293946,1.7794551849365234,545.1286782146549,112.5693359375,570.0,1742.94140625,300.0,,,,
2,fifo2000,h4_covertype_d,0.34927048842112224,0.3381096124649048,0.4540279269218445,1.416377305984497,286.3110492158961,279.7900390625,2980.0,1771.7265625,300.0,,,,
2,fifo2000,insects_abrupt_balanced,0.3959603977203369,0.3890341520309448,0.4496620059013367,1.13893723487854,252.55050903001936,390.384765625,3552.0,1683.9375,300.0,,,,
2,fifo3000,h4_airlines_d,0.2179642152786255,0.20939326286315918,0.24801090955734253,1.1511430740356445,458.79090690262694,148.7578125,1258.0,1748.59375,300.0,,,,
2,fifo3000,h4_covertype_d,0.47830928961435953,0.4790170192718506,0.5800862431526186,1.6683628559112549,209.06974246857249,395.26708984375,5806.0,1778.9375,300.0,,,,
2,fifo3000,insects_abrupt_balanced,0.5769320686658224,0.5794060230255127,0.6569324135780334,1.639976978302002,173.330631856284,560.0625,7526.0,1664.78125,300.0,,,,
2,fifo5000,h4_airlines_d,0.3050657860438029,0.3057469129562378,0.33368424177169803,1.7476489543914795,327.79814903806187,221.490234375,3570.0,1756.20703125,300.0,,,,
2,fifo5000,h4_covertype_d,0.7584491960207621,0.7992483377456665,0.9121107935905457,1.2568411827087402,131.84798734662058,628.44189453125,13748.0,1795.09375,300.0,,,,
2,fifo5000,insects_abrupt_balanced,0.9411663937568665,0.9969050884246826,1.079084587097168,1.484853982925415,106.25113759197103,899.1962890625,19974.0,1681.7734375,300.0,,,,
2,fifo13400,h4_airlines_d,0.7635884849230449,0.9563299417495728,1.0126440405845643,1.7225019931793213,130.9605919608362,528.318359375,23946.0,1773.85546875,300.0,,,,
2,fifo13400,h4_covertype_d,2.1455087439219156,2.833892345428467,2.9562458992004395,2.994905948638916,46.6089920552845,1600.1943359375,28636.0,1853.53125,300.0,,,,
2,fifo13400,insects_abrupt_balanced,2.8055443398157753,3.6841306686401367,3.8052598118782046,4.298670053482056,35.64370684890564,2315.404296875,28590.0,1750.7109375,300.0,,,,
2,winens1000,h4_airlines_d,0.47462944746017455,0.4479314088821411,0.6038275361061096,1.9419584274291992,210.69067782270474,76.1044921875,164.0,1727.74609375,900.0,,,,
2,winens1000,h4_covertype_d,0.5850371011098225,0.5591892004013062,0.6979451775550842,1.5735580921173096,170.92933048228696,163.24267578125,1094.0,1757.75390625,891.0,,,,
2,winens1000,insects_abrupt_balanced,0.5232274691263835,0.5149863958358765,0.6484386324882507,1.5377357006072998,191.12146418261807,221.5234375,1064.0,1650.9375,860.0,,,,
2,micev1000_500,h4_airlines_d,0.8317106327081758,0.7341225147247314,1.4591133236885074,1.9765963554382324,120.24366182439101,90.421875,216.0,1780.109375,1599.0,1.2809170484542847,0.7193265706300735,6.596651326011246e-05,1.61
2,micev1000_500,h4_covertype_d,0.9387707130656539,0.8056632280349731,1.5198029041290284,1.621077537536621,106.52957971175911,210.4072265625,1526.0,1782.203125,1366.0,1.4486168106396993,0.8112288177013397,6.429677664224679e-05,0.9866666666666667
2,micev1000_500,insects_abrupt_balanced,1.4069341830245685,1.3031444549560547,3.3464949607849124,3.969792127609253,71.08070026167795,289.1064453125,1294.0,1822.64453125,1988.0,2.29612242380778,1.1845339486996334,8.25393033058693e-05,2.8366666666666664
2,fifo1000,h4_airlines_d,0.17323391119639078,0.1572103500366211,0.21063382625579835,1.6942777633666992,577.254183718294,76.1044921875,158.0,1732.68359375,300.0,,,,
2,fifo1000,h4_covertype_d,0.24228724161783854,0.23269450664520264,0.3357155919075014,1.1964938640594482,412.73324724927426,163.24267578125,1088.0,1751.9140625,300.0,,,,
2,fifo1000,insects_abrupt_balanced,0.22734909772872924,0.22081053256988525,0.2742957711219788,1.047516107559204,439.85219646360343,221.5234375,1062.0,1658.3515625,292.0,,,,
