rep,policy,stream,acc,identical_to_frozen
0,micev1000_500,h4_airlines_d,65.32999999999998,True
0,micev1000_500,h4_covertype_d,95.43333333333334,True
0,micev1000_500,insects_abrupt_balanced,78.07000000000002,True
0,fifo1000,h4_airlines_d,65.34,
0,fifo1000,h4_covertype_d,95.39999999999999,
0,fifo1000,insects_abrupt_balanced,76.94333333333333,
0,fifo1500,h4_airlines_d,65.96999999999998,
0,fifo1500,h4_covertype_d,95.65666666666668,
0,fifo1500,insects_abrupt_balanced,76.51,
0,fifo2000,h4_airlines_d,66.27,
0,fifo2000,h4_covertype_d,95.77333333333335,
0,fifo2000,insects_abrupt_balanced,75.49666666666667,
0,fifo3000,h4_airlines_d,66.59,
0,fifo3000,h4_covertype_d,95.72,
0,fifo3000,insects_abrupt_balanced,73.36666666666667,
0,fifo5000,h4_airlines_d,66.77666666666666,
0,fifo5000,h4_covertype_d,95.72666666666669,
0,fifo5000,insects_abrupt_balanced,69.77666666666667,
0,fifo13400,h4_airlines_d,66.77666666666666,
0,fifo13400,h4_covertype_d,95.58,
0,fifo13400,insects_abrupt_balanced,63.5,
0,winens1000,h4_airlines_d,64.07000000000001,
0,winens1000,h4_covertype_d,95.34333333333332,
0,winens1000,insects_abrupt_balanced,77.66333333333334,
1,fifo1000,h4_airlines_d,65.34,
1,fifo1000,h4_covertype_d,95.39999999999999,
1,fifo1000,insects_abrupt_balanced,76.94333333333333,
1,fifo1500,h4_airlines_d,65.96999999999998,
1,fifo1500,h4_covertype_d,95.65666666666668,
1,fifo1500,insects_abrupt_balanced,76.51,
1,fifo2000,h4_airlines_d,66.27,
1,fifo2000,h4_covertype_d,95.77333333333335,
1,fifo2000,insects_abrupt_balanced,75.49666666666667,
1,fifo3000,h4_airlines_d,66.59,
1,fifo3000,h4_covertype_d,95.72,
1,fifo3000,insects_abrupt_balanced,73.36666666666667,
1,fifo5000,h4_airlines_d,66.77666666666666,
1,fifo5000,h4_covertype_d,95.72666666666669,
1,fifo5000,insects_abrupt_balanced,69.77666666666667,
1,fifo13400,h4_airlines_d,66.77666666666666,
1,fifo13400,h4_covertype_d,95.58,
1,fifo13400,insects_abrupt_balanced,63.5,
1,winens1000,h4_airlines_d,64.07000000000001,
1,winens1000,h4_covertype_d,95.34333333333332,
1,winens1000,insects_abrupt_balanced,77.66333333333334,
1,micev1000_500,h4_airlines_d,65.32999999999998,True
1,micev1000_500,h4_covertype_d,95.43333333333334,True
1,micev1000_500,insects_abrupt_balanced,78.07000000000002,True
2,fifo1500,h4_airlines_d,65.96999999999998,
2,fifo1500,h4_covertype_d,95.65666666666668,
2,fifo1500,insects_abrupt_balanced,76.51,
2,fifo2000,h4_airlines_d,66.27,
2,fifo2000,h4_covertype_d,95.77333333333335,
2,fifo2000,insects_abrupt_balanced,75.49666666666667,
2,fifo3000,h4_airlines_d,66.59,
2,fifo3000,h4_covertype_d,95.72,
2,fifo3000,insects_abrupt_balanced,73.36666666666667,
2,fifo5000,h4_airlines_d,66.77666666666666,
2,fifo5000,h4_covertype_d,95.72666666666669,
2,fifo5000,insects_abrupt_balanced,69.77666666666667,
2,fifo13400,h4_airlines_d,66.77666666666666,
2,fifo13400,h4_covertype_d,95.58,
2,fifo13400,insects_abrupt_balanced,63.5,
2,winens1000,h4_airlines_d,64.07000000000001,
2,winens1000,h4_covertype_d,95.34333333333332,
2,winens1000,insects_abrupt_balanced,77.66333333333334,
2,micev1000_500,h4_airlines_d,65.32999999999998,True
2,micev1000_500,h4_covertype_d,95.43333333333334,True
2,micev1000_500,insects_abrupt_balanced,78.07000000000002,True
2,fifo1000,h4_airlines_d,65.34,
2,fifo1000,h4_covertype_d,95.39999999999999,
2,fifo1000,insects_abrupt_balanced,76.94333333333333,
