data,seed,K,n_c,recall_new,acc_old,acc,nll,conf_new,conf_old,auroc_unc,auroc_ent,em_recall_new,em_acc_old,em_acc,em_share
h3_covertype_b,0,6,0,0.0,0.962,0.7215,3.540352410580225,0.9686111711263656,0.9588320342699687,0.5471166666666667,0.5487413333333333,,,,
h3_covertype_b,0,6,1,0.002,0.958,0.719,2.2314362227201814,0.9521630918383598,0.9554355325102806,0.5614466666666666,0.5672813333333333,0.174,0.9326666666666666,0.743,0.0739815435313791
h3_covertype_b,0,6,2,0.014,0.9566666666666667,0.721,1.9821235385367444,0.9379571015238762,0.9541750181913375,0.5789333333333333,0.586328,0.192,0.93,0.7455,0.0809334819423768
h3_covertype_b,0,6,5,0.018,0.9546666666666667,0.7205,1.3147219978724596,0.9297451808452606,0.9497952178915342,0.5914460000000001,0.5982,0.238,0.928,0.7555,0.12512869694099393
h3_covertype_b,0,6,10,0.016,0.9573333333333334,0.722,0.9771158014416406,0.8986756871938706,0.9473528317213058,0.7110653333333334,0.7148413333333333,0.35,0.9386666666666666,0.7915,0.1535528315099073
h3_covertype_b,0,6,20,0.056,0.9566666666666667,0.7315,0.806341604269025,0.8511928654313088,0.9435716010332108,0.764616,0.7659613333333334,0.376,0.946,0.8035,0.137406005948465
h3_covertype_b,0,6,50,0.316,0.9506666666666667,0.792,0.5514423287395939,0.7676937034130097,0.9301986252268155,0.8304360000000001,0.8257506666666667,0.58,0.928,0.841,0.19080061297072073
h3_covertype_b,0,6,100,0.488,0.9393333333333334,0.8265,0.4390893196421667,0.7729320642352104,0.9171393445730209,0.8189153333333332,0.8083613333333333,0.61,0.922,0.844,0.20053181823110913
h3_covertype_b,1,6,0,0.0,0.9653333333333334,0.724,3.532463005393302,0.9070287572741509,0.9750706989765168,0.7027866666666667,0.7076866666666667,,,,
h3_covertype_b,1,6,1,0.01,0.9653333333333334,0.7265,1.7707695737091436,0.895656609594822,0.9729230183760326,0.7164666666666667,0.7229613333333333,0.2,0.9373333333333334,0.753,0.12837247246958738
h3_covertype_b,1,6,2,0.012,0.9646666666666667,0.7265,1.3458947966485588,0.8751390815377236,0.9712219475706418,0.743904,0.7503400000000001,0.65,0.7746666666666666,0.7435,0.37375603985246103
h3_covertype_b,1,6,5,0.008,0.964,0.725,1.2786432732481818,0.8657172771692276,0.9697722669839859,0.7371946666666667,0.7452586666666666,0.356,0.9326666666666666,0.7885,0.13651730383147517
h3_covertype_b,1,6,10,0.02,0.966,0.7295,1.0915195042845665,0.8427595388293266,0.9685616134405136,0.7586993333333333,0.7659826666666666,0.38,0.9453333333333334,0.804,0.13042765479293414
h3_covertype_b,1,6,20,0.146,0.9646666666666667,0.76,0.9174577141734442,0.8262194567918777,0.9659566065470377,0.7806773333333333,0.7861986666666667,0.382,0.9506666666666667,0.8085,0.1272494390307653
h3_covertype_b,1,6,50,0.236,0.9606666666666667,0.7795,0.6317711543785234,0.7777934468388558,0.9504906826217969,0.8531213333333334,0.855332,0.442,0.9426666666666667,0.8175,0.15952858200584447
h3_covertype_b,1,6,100,0.44,0.952,0.824,0.4805497399528091,0.7699814242720604,0.9432894033789635,0.8533453333333334,0.8560493333333333,0.538,0.946,0.844,0.1715104805983633
h3_covertype_b,2,6,0,0.0,0.864,0.648,3.7196091830335525,0.8954861690998077,0.8800191747546195,0.5703013333333333,0.5850373333333333,,,,
h3_covertype_b,2,6,1,0.046,0.866,0.661,0.886282936242007,0.7809748206734657,0.8770811354120572,0.7749039999999999,0.8752066666666666,0.974,0.846,0.878,0.27710918275458984
h3_covertype_b,2,6,2,0.082,0.866,0.67,0.7319286491495854,0.7036949494481086,0.8747434240976969,0.8427506666666666,0.9484466666666667,0.972,0.85,0.8805,0.268496984733118
h3_covertype_b,2,6,5,0.226,0.8673333333333333,0.707,0.6501577402301141,0.6370840547084808,0.8719387863874435,0.8897799999999999,0.9613759999999999,0.966,0.8506666666666667,0.8795,0.248880635929444
h3_covertype_b,2,6,10,0.466,0.866,0.766,0.5541186144904514,0.6365113635063171,0.8703866055607796,0.8863146666666665,0.930332,0.964,0.86,0.886,0.2337322728457043
h3_covertype_b,2,6,20,0.816,0.8666666666666667,0.854,0.4293369739105629,0.7184209572076797,0.8718756035765012,0.790572,0.8087560000000001,0.972,0.8533333333333334,0.883,0.26029603918242766
h3_covertype_b,2,6,50,0.954,0.8546666666666667,0.8795,0.3733752044957909,0.8831799861192703,0.8727928318778674,0.5416033333333333,0.5552360000000001,0.972,0.844,0.876,0.2529135189801528
h3_covertype_b,2,6,100,0.974,0.8493333333333334,0.8805,0.3266428451324421,0.9441138750314713,0.8669645411372184,0.29619466666666666,0.303288,0.99,0.8486666666666667,0.884,0.2550838283653726
h3_covertype_b,3,6,0,0.0,0.8546666666666667,0.641,3.745830767428417,0.947377796292305,0.88108810120821,0.33925866666666665,0.3543786666666667,,,,
h3_covertype_b,3,6,1,0.002,0.8573333333333333,0.6435,2.283346658224125,0.9425487208366394,0.8815720935662588,0.36779266666666666,0.3884626666666667,0.014,0.8046666666666666,0.607,0.06947948906190986
h3_covertype_b,3,6,2,0.006,0.8546666666666667,0.6425,1.5094423098361531,0.9265910078287125,0.8779576925436655,0.421466,0.4625066666666666,0.668,0.742,0.7235,0.3043821209306224
h3_covertype_b,3,6,5,0.0,0.858,0.6435,1.0581935088961982,0.8536999735236168,0.8734943978587786,0.5680893333333333,0.6208039999999999,0.988,0.5826666666666667,0.684,0.4211294467047038
h3_covertype_b,3,6,10,0.156,0.8513333333333334,0.6775,0.8136687204881564,0.7486717606186867,0.8725188888907432,0.7584200000000001,0.7860893333333334,0.878,0.7706666666666667,0.7975,0.3137713196686578
h3_covertype_b,3,6,20,0.446,0.846,0.746,0.6935873369618133,0.734845645070076,0.8747936911980311,0.788836,0.8011653333333333,0.784,0.8213333333333334,0.812,0.23904797212844267
h3_covertype_b,3,6,50,0.694,0.8433333333333334,0.806,0.5173120041392254,0.7815242967605591,0.8735684363047281,0.6989133333333333,0.6979266666666667,0.864,0.8306666666666667,0.839,0.23058333752115992
h3_covertype_b,3,6,100,0.836,0.84,0.839,0.4554121099692004,0.8575136775374412,0.8704368354479471,0.531656,0.5277346666666667,0.884,0.8293333333333334,0.843,0.23157175700205088
h3_covertype_b,4,6,0,0.0,0.8733333333333333,0.655,3.696650520287163,0.9188812690973281,0.8880127917726834,0.400486,0.42851066666666665,,,,
h3_covertype_b,4,6,1,0.028,0.8693333333333333,0.659,1.6513798431227151,0.8397331857681274,0.8833863552212715,0.64306,0.6744319999999999,0.472,0.796,0.715,0.20088070685770598
h3_covertype_b,4,6,2,0.016,0.8686666666666667,0.6555,1.1052067883828525,0.83080708694458,0.8808054570555687,0.6637406666666666,0.7095946666666667,0.956,0.6826666666666666,0.751,0.3972380120664669
h3_covertype_b,4,6,5,0.17,0.8706666666666667,0.6955,0.8971897506947826,0.7603847469091416,0.8822971379359563,0.7298086666666667,0.7751173333333334,0.814,0.78,0.7885,0.28753601253169975
h3_covertype_b,4,6,10,0.198,0.866,0.699,0.8269057917023562,0.7610234173536301,0.8809254191120466,0.7324633333333334,0.7820093333333333,0.746,0.8246666666666667,0.805,0.22494319174892524
h3_covertype_b,4,6,20,0.378,0.8593333333333333,0.739,0.6439283072050969,0.7459087032079696,0.8704986259142558,0.7511853333333333,0.7878493333333334,0.748,0.8206666666666667,0.8025,0.22792044708400883
h3_covertype_b,4,6,50,0.64,0.8653333333333333,0.809,0.43693436923533785,0.7285287929773331,0.865903612991174,0.7465066666666665,0.76036,0.976,0.8146666666666667,0.855,0.2677271493979603
h3_covertype_b,4,6,100,0.896,0.8433333333333334,0.8565,0.35334414340881787,0.8456448026299477,0.8712982903321584,0.5160613333333334,0.5218266666666667,0.96,0.8273333333333334,0.8605,0.2523625983156757
h4_covertype_d,0,6,0,0.0,0.9393333333333334,0.7045,3.6066193410722516,0.9150192123651505,0.9515561926762263,0.6609846666666667,0.6579226666666667,,,,
h4_covertype_d,0,6,1,0.02,0.9426666666666667,0.712,1.4119319147360148,0.8863068076372147,0.9509050250848134,0.6987346666666667,0.706724,0.706,0.758,0.745,0.37526736924216203
h4_covertype_d,0,6,2,0.024,0.94,0.711,1.2077558011586411,0.8754251596331596,0.9490778528849284,0.7352446666666667,0.7413986666666667,0.836,0.74,0.764,0.4136389263438012
h4_covertype_d,0,6,5,0.046,0.9393333333333334,0.716,1.0659172252880529,0.8319665185809135,0.9461284553408623,0.7619273333333334,0.7693226666666666,0.672,0.844,0.801,0.25454069896809794
h4_covertype_d,0,6,10,0.032,0.9413333333333334,0.714,0.9085030268615671,0.8200311875343322,0.9453989542126655,0.8008999999999998,0.8051293333333333,0.644,0.904,0.839,0.21877863455475613
h4_covertype_d,0,6,20,0.164,0.9386666666666666,0.745,0.7905956513542505,0.79275055539608,0.9436141475439072,0.8158399999999999,0.8174573333333333,0.526,0.9206666666666666,0.822,0.1669671448328787
h4_covertype_d,0,6,50,0.402,0.9306666666666666,0.7985,0.5718283347711715,0.7691164570450783,0.9309087544878324,0.830928,0.8273173333333333,0.674,0.9013333333333333,0.8445,0.2028947198750946
h4_covertype_d,0,6,100,0.58,0.9186666666666666,0.834,0.4745398168549793,0.8006232624053955,0.9149495615164439,0.7815120000000001,0.7756586666666666,0.718,0.8866666666666667,0.8445,0.2138858345670876
h4_covertype_d,1,6,0,0.0,0.9386666666666666,0.704,3.5696388504140124,0.8896507542133332,0.9514823515415192,0.7107880000000001,0.7198373333333334,,,,
h4_covertype_d,1,6,1,0.002,0.9393333333333334,0.705,1.5433756006291783,0.8648113099336624,0.9462730832497279,0.725642,0.7410039999999999,0.582,0.862,0.792,0.23671551401325852
h4_covertype_d,1,6,2,0.0,0.9413333333333334,0.706,1.2980593716274718,0.8615750029087067,0.9444719579021136,0.7446953333333334,0.7613306666666667,0.898,0.452,0.5635,0.5520663591416586
h4_covertype_d,1,6,5,0.018,0.9433333333333334,0.712,1.2656408031972437,0.8502343487739563,0.9449796197414398,0.7474653333333334,0.763984,0.236,0.9293333333333333,0.756,0.10396731414495516
h4_covertype_d,1,6,10,0.024,0.942,0.7125,1.0571847479498309,0.8325304093360901,0.9425993928114573,0.7769520000000001,0.7924346666666666,0.218,0.9353333333333333,0.756,0.097638912177332
h4_covertype_d,1,6,20,0.1,0.9413333333333334,0.731,0.880618358030223,0.7917982265353203,0.9414063138365746,0.8138573333333333,0.8279920000000001,0.322,0.9333333333333333,0.7805,0.10163683182484151
h4_covertype_d,1,6,50,0.35,0.9406666666666667,0.793,0.5759590615060736,0.7406777374744415,0.9325392820835113,0.8533480000000001,0.860408,0.556,0.932,0.838,0.1576688184707931
h4_covertype_d,1,6,100,0.576,0.9373333333333334,0.847,0.429934618977721,0.7566280070543289,0.9242274316350619,0.8403986666666665,0.847208,0.684,0.92,0.861,0.19578329413889384
h4_covertype_d,2,6,0,0.0,0.864,0.648,3.7150084546614455,0.7111023213863373,0.8677258688012759,0.8028239999999999,0.8761080000000001,,,,
h4_covertype_d,2,6,1,0.0,0.862,0.6465,1.384545690278997,0.6845474271178246,0.8665650224685669,0.8250693333333332,0.90224,0.804,0.836,0.828,0.2316550730573262
h4_covertype_d,2,6,2,0.0,0.8606666666666667,0.6455,1.1017573605442406,0.6672905436158181,0.8644569541414578,0.8429439999999999,0.9299413333333332,0.986,0.7906666666666666,0.8395,0.3130976918584344
h4_covertype_d,2,6,5,0.066,0.862,0.663,0.8059959359488601,0.5936770153641701,0.8729738644361495,0.900584,0.9606000000000001,0.99,0.8093333333333333,0.8545,0.2939530304872403
h4_covertype_d,2,6,10,0.286,0.8613333333333333,0.7175,0.646606968830201,0.5413985778093338,0.8670455098946889,0.9255266666666667,0.9666533333333334,0.98,0.828,0.866,0.27977133290419726
h4_covertype_d,2,6,20,0.576,0.8586666666666667,0.788,0.5200634882456324,0.5977746896743774,0.8626049278577169,0.8919693333333333,0.9564853333333332,0.994,0.826,0.868,0.28511147446500174
h4_covertype_d,2,6,50,0.852,0.856,0.855,0.3957908852196949,0.7931070363521576,0.8547557138800621,0.640228,0.7081213333333332,0.96,0.8353333333333334,0.8665,0.26824098087813397
h4_covertype_d,2,6,100,0.932,0.8413333333333334,0.864,0.35605656272721625,0.8929292259216308,0.847006093343099,0.356394,0.39686533333333335,0.974,0.8246666666666667,0.862,0.2675821934858352
h4_covertype_d,3,6,0,0.0,0.868,0.651,3.6999193643793924,0.8533085815310478,0.8793359734217325,0.5875373333333334,0.626484,,,,
h4_covertype_d,3,6,1,0.004,0.866,0.6505,2.122381118988783,0.8505387759804726,0.8748278726140658,0.5700373333333334,0.6039826666666667,0.13,0.7933333333333333,0.6275,0.09923512321942914
h4_covertype_d,3,6,2,0.006,0.868,0.6525,1.6358441326562365,0.8376393865942955,0.8720572873751322,0.5810053333333334,0.6219493333333332,0.274,0.776,0.6505,0.16634771645772203
h4_covertype_d,3,6,5,0.042,0.8646666666666667,0.659,1.1927020214997264,0.8100364194512367,0.8717044590115547,0.64656,0.7069693333333333,0.66,0.758,0.7335,0.2556899031236079
h4_covertype_d,3,6,10,0.138,0.8693333333333333,0.6865,0.9388392059186861,0.7428208785057068,0.8688011082410813,0.7302306666666666,0.7786786666666667,0.726,0.7826666666666666,0.7685,0.24748084668487136
h4_covertype_d,3,6,20,0.282,0.8646666666666667,0.719,0.7646481309255501,0.7490185201764107,0.8678069830735524,0.7452293333333333,0.7945106666666667,0.672,0.8173333333333334,0.781,0.21798680804109216
h4_covertype_d,3,6,50,0.574,0.8653333333333333,0.7925,0.5223739624771374,0.7330403339862823,0.8616766407688459,0.7202013333333332,0.7424866666666666,0.874,0.8233333333333334,0.836,0.24382402710272827
h4_covertype_d,3,6,100,0.778,0.8373333333333334,0.8225,0.452498248245338,0.8513286095857621,0.8594920040766398,0.5260486666666667,0.5415626666666666,0.864,0.826,0.8355,0.2420177377749453
h4_covertype_d,4,6,0,0.0,0.8573333333333333,0.643,3.726687927706834,0.8111361659765244,0.8766459347009659,0.6572666666666667,0.7197093333333334,,,,
h4_covertype_d,4,6,1,0.012,0.8586666666666667,0.647,1.6207542023009298,0.7768849307894706,0.881851115902265,0.6999746666666666,0.7527666666666666,0.558,0.8113333333333334,0.748,0.18697437917588833
h4_covertype_d,4,6,2,0.012,0.86,0.648,1.5402206945112584,0.7737960854172706,0.8804203553597132,0.7175346666666667,0.7762226666666667,0.508,0.8126666666666666,0.7365,0.1571554092294713
h4_covertype_d,4,6,5,0.266,0.8606666666666667,0.712,0.836940797909302,0.6901214648485183,0.8751478683551153,0.7962653333333334,0.8548133333333333,0.94,0.7973333333333333,0.833,0.28981953857080134
h4_covertype_d,4,6,10,0.372,0.8666666666666667,0.743,0.6917691618350722,0.711797075510025,0.8774962731202444,0.7974146666666667,0.8629773333333333,0.916,0.816,0.841,0.2541615113629866
h4_covertype_d,4,6,20,0.652,0.864,0.811,0.5036186444650562,0.7590775314569473,0.8747817374666532,0.7359346666666666,0.7970893333333333,0.922,0.84,0.8605,0.24767867623248827
h4_covertype_d,4,6,50,0.834,0.8573333333333333,0.8515,0.3896651870944032,0.8558506036996841,0.8702320743997892,0.543176,0.5844093333333333,0.958,0.8313333333333334,0.863,0.2571820088871499
h4_covertype_d,4,6,100,0.95,0.8346666666666667,0.8635,0.3488272533624345,0.9228241482377052,0.8654981387257576,0.36860933333333334,0.38833066666666666,0.976,0.8266666666666667,0.864,0.2626258277484219
h3_insects_b,0,6,0,0.0,0.7873333333333333,0.5905,3.8953656535918637,0.7527384377121925,0.8161684389909108,0.6448119999999999,0.63328,,,,
h3_insects_b,0,6,1,0.0,0.786,0.5895,1.6067535051441586,0.7548309960365296,0.8157908536791801,0.6586066666666667,0.6866613333333335,0.974,0.48933333333333334,0.6105,0.5584141090568586
h3_insects_b,0,6,2,0.0,0.7866666666666666,0.59,1.5044678457906508,0.7480564950108528,0.8147693454027176,0.6795233333333334,0.7186746666666667,0.944,0.5013333333333333,0.612,0.5269683871435529
h3_insects_b,0,6,5,0.0,0.784,0.588,1.3153924930195118,0.7253166025280953,0.8132065423528353,0.7312693333333332,0.7723693333333334,0.958,0.5053333333333333,0.6185,0.5151253157539324
h3_insects_b,0,6,10,0.0,0.7846666666666666,0.5885,1.0765024725077381,0.6673473070263862,0.8125527294079463,0.808836,0.8456400000000001,0.944,0.6653333333333333,0.735,0.3305534803815717
h3_insects_b,0,6,20,0.234,0.78,0.6435,0.9497723524457274,0.6369873744249344,0.8084113810261091,0.8406733333333334,0.873788,0.796,0.7286666666666667,0.7455,0.23270911864208524
h3_insects_b,0,6,50,0.546,0.774,0.717,0.7719232559466809,0.6443557321429253,0.7999919335047404,0.8023246666666666,0.8397613333333334,0.832,0.73,0.7555,0.23591838140787877
h3_insects_b,0,6,100,0.686,0.7606666666666667,0.742,0.6729389341774206,0.7191282822489738,0.782409508407116,0.606004,0.6139986666666667,0.88,0.7246666666666667,0.7635,0.2514754327886751
h3_insects_b,1,6,0,0.0,0.7746666666666666,0.581,3.898172554412328,0.7650177991390228,0.7880542106628418,0.5448326666666667,0.584348,,,,
h3_insects_b,1,6,1,0.0,0.78,0.585,1.6920174832662802,0.7454527122378349,0.7846873395641645,0.5757053333333333,0.6431826666666667,0.914,0.4646666666666667,0.577,0.539222181960618
h3_insects_b,1,6,2,0.006,0.7753333333333333,0.583,1.6701289284814542,0.7372734661698341,0.785366004606088,0.5888653333333334,0.6531800000000001,0.83,0.48133333333333334,0.5685,0.4457689325111738
h3_insects_b,1,6,5,0.0,0.7753333333333333,0.5815,1.4247726116357677,0.7227278558611869,0.781869705915451,0.6172173333333333,0.6998133333333334,0.852,0.5153333333333333,0.5995,0.38452395175397003
h3_insects_b,1,6,10,0.0,0.7753333333333333,0.5815,1.2022298239314764,0.6840679886937141,0.7806199757655462,0.6959426666666666,0.7809920000000001,0.792,0.706,0.7275,0.26873983517324956
h3_insects_b,1,6,20,0.124,0.7773333333333333,0.614,1.0648056879948447,0.6380742651224136,0.7771938352187474,0.7450626666666667,0.8021026666666666,0.74,0.728,0.731,0.21559105340201612
h3_insects_b,1,6,50,0.352,0.768,0.664,0.8364814742689312,0.5723987386226654,0.761717604458332,0.818192,0.8370613333333333,0.868,0.7146666666666667,0.753,0.24432856606366696
h3_insects_b,1,6,100,0.706,0.7473333333333333,0.737,0.7403031594841347,0.6402060934901237,0.7520595447619756,0.7298666666666668,0.7638026666666666,0.854,0.72,0.7535,0.25451784139570605
h3_insects_b,2,6,0,0.0,0.8366666666666667,0.6275,3.789690966094731,0.7420089275240899,0.8412515399853389,0.705296,0.721396,,,,
h3_insects_b,2,6,1,0.0,0.8346666666666667,0.626,1.5399549129348042,0.7320834805965424,0.8333272933562597,0.7081733333333333,0.7476373333333333,0.906,0.6013333333333334,0.6775,0.4626641975409679
h3_insects_b,2,6,2,0.0,0.834,0.6255,1.359350204205678,0.7244566883444786,0.8337246204217275,0.721924,0.7719813333333334,0.908,0.6926666666666667,0.7465,0.38636458870576734
h3_insects_b,2,6,5,0.0,0.8313333333333334,0.6235,1.2751412959371495,0.7097645346522331,0.8328890248735745,0.744208,0.7951026666666666,0.752,0.7573333333333333,0.756,0.28147384944032544
h3_insects_b,2,6,10,0.0,0.834,0.6255,1.171781291124896,0.7045034483671189,0.8288435222109158,0.7429053333333333,0.7966546666666666,0.644,0.7626666666666667,0.733,0.20410447461769526
h3_insects_b,2,6,20,0.0,0.8333333333333334,0.625,1.0347465203728747,0.6732249943017959,0.8234693551560243,0.7704906666666667,0.8206093333333333,0.026,0.824,0.6245,0.07114913437563125
h3_insects_b,2,6,50,0.12,0.828,0.651,0.8687384479766852,0.6029049755930901,0.8069757593274116,0.8109853333333332,0.8384893333333332,0.002,0.818,0.614,0.05177558926661203
h3_insects_b,2,6,100,0.442,0.8026666666666666,0.7125,0.7357505871563635,0.5735348556637764,0.789445128162702,0.8294666666666666,0.8451786666666665,0.076,0.826,0.6385,0.10326657798676389
h3_insects_b,3,6,0,0.0,0.792,0.594,3.905739736814217,0.7919535094499588,0.7946984421809514,0.5123226666666667,0.4756586666666667,,,,
h3_insects_b,3,6,1,0.0,0.7893333333333333,0.592,1.9198987090341526,0.7881845342516899,0.7976899953683217,0.5251613333333334,0.49379733333333337,0.344,0.24866666666666667,0.2725,0.5359179999288799
h3_insects_b,3,6,2,0.002,0.788,0.5915,1.5333824740262558,0.7672765573263168,0.7983022171060244,0.5633173333333334,0.5543853333333334,0.45,0.7233333333333334,0.655,0.2506900390883364
h3_insects_b,3,6,5,0.0,0.7886666666666666,0.5915,1.181993943475969,0.7143663460612297,0.7930868060986201,0.6465466666666666,0.66702,0.886,0.704,0.7495,0.3239248053227149
h3_insects_b,3,6,10,0.0,0.7906666666666666,0.593,1.0413690660639923,0.6592270981073379,0.7900981920758883,0.7189413333333333,0.748276,0.878,0.7286666666666667,0.766,0.28330097516844666
h3_insects_b,3,6,20,0.132,0.7846666666666666,0.6215,0.9648877102360545,0.6152668116092682,0.7850334747831027,0.7669546666666666,0.76346,0.66,0.7526666666666667,0.7295,0.16597049841307812
h3_insects_b,3,6,50,0.558,0.7626666666666667,0.7115,0.8076970522767506,0.6004165781736374,0.7785778263807297,0.77874,0.7603493333333334,0.73,0.7553333333333333,0.749,0.17001244962147072
h3_insects_b,3,6,100,0.712,0.7613333333333333,0.749,0.7052040057131586,0.6854816132187843,0.772641104221344,0.6815013333333333,0.6486786666666666,0.792,0.7533333333333333,0.763,0.20815478371489055
h3_insects_b,4,6,0,0.0,0.8053333333333333,0.604,3.8436720983863313,0.8145278880000114,0.8072382759054502,0.47300133333333333,0.45365333333333335,,,,
h3_insects_b,4,6,1,0.0,0.7973333333333333,0.598,1.9250588370979154,0.8076324316859246,0.802480573117733,0.4712186666666667,0.4668946666666666,0.796,0.4826666666666667,0.561,0.4213590220685688
h3_insects_b,4,6,2,0.0,0.7986666666666666,0.599,1.636328458861581,0.8019785084724427,0.7994978573322297,0.4785066666666667,0.4881173333333333,0.914,0.44733333333333336,0.564,0.5657392648896128
h3_insects_b,4,6,5,0.0,0.798,0.5985,1.4697393218145018,0.7985633286833763,0.7994379897514979,0.4923706666666666,0.5159466666666667,0.876,0.5386666666666666,0.623,0.4602138674013072
h3_insects_b,4,6,10,0.0,0.8013333333333333,0.601,1.4020723758770746,0.7875032085776329,0.7943689361612002,0.5071733333333334,0.5375759999999999,0.662,0.6,0.6155,0.25797238706251047
h3_insects_b,4,6,20,0.0,0.7993333333333333,0.5995,1.2579958274006535,0.7652939907312393,0.7885222804745038,0.55628,0.6108,0.002,0.798,0.599,0.07371680764024229
h3_insects_b,4,6,50,0.018,0.8006666666666666,0.605,1.0239869637126477,0.7010745542049408,0.7733721811374028,0.6733613333333334,0.7269493333333333,0.042,0.798,0.609,0.1000036483601502
h3_insects_b,4,6,100,0.086,0.7926666666666666,0.616,0.8732469941165509,0.6279857985973358,0.7463493872880935,0.7353159999999999,0.7271839999999999,0.234,0.776,0.6405,0.1620360644847703
insects_gradual_balanced,0,6,0,0.0,0.6206666666666667,0.4655,4.140939030745105,0.5420211371183395,0.6063175515532494,0.6518773333333333,0.5754666666666667,,,,
insects_gradual_balanced,0,6,1,0.028,0.6126666666666667,0.4665,2.316708253880114,0.535785049945116,0.6025127244591713,0.6532426666666667,0.5805546666666667,0.202,0.5706666666666667,0.4785,0.07066161094927259
insects_gradual_balanced,0,6,2,0.044,0.6093333333333333,0.468,2.3733862802539805,0.5414470321238041,0.6025916813313961,0.64364,0.5772586666666666,0.124,0.5733333333333334,0.461,0.04033396455366152
insects_gradual_balanced,0,6,5,0.018,0.6113333333333333,0.463,1.586471227106911,0.5222521758973598,0.5960839315652847,0.6719106666666667,0.6441520000000001,0.984,0.338,0.4995,0.49478247657964364
insects_gradual_balanced,0,6,10,0.014,0.6113333333333333,0.462,1.4378552836195257,0.5120927891433239,0.5918715613683064,0.687364,0.6591986666666667,0.988,0.37933333333333336,0.5315,0.4442847880547378
insects_gradual_balanced,0,6,20,0.12,0.6046666666666667,0.4835,1.2907264428336738,0.5019392728507519,0.5865432751973471,0.6958280000000001,0.6775813333333333,0.966,0.458,0.585,0.3102795947914366
insects_gradual_balanced,0,6,50,0.474,0.5946666666666667,0.5645,1.0629443240242877,0.630636931359768,0.5890168473521868,0.4591866666666667,0.468264,0.83,0.5326666666666666,0.607,0.2625641348943112
insects_gradual_balanced,0,6,100,0.63,0.578,0.591,0.9855895600493857,0.6532213307023048,0.568556262989839,0.42006400000000005,0.39404799999999995,0.868,0.49066666666666664,0.585,0.28053215615510163
insects_gradual_balanced,1,6,0,0.0,0.646,0.4845,4.085059517895305,0.6033007799983024,0.6557554598450661,0.5895853333333333,0.599296,,,,
insects_gradual_balanced,1,6,1,0.0,0.6473333333333333,0.4855,1.9320529030926699,0.5826506517529487,0.6436798027356465,0.6086986666666666,0.6259,0.878,0.32866666666666666,0.466,0.5726010991070516
insects_gradual_balanced,1,6,2,0.0,0.6453333333333333,0.484,1.8689370416906568,0.582414566040039,0.6449364307721456,0.6093559999999999,0.631224,0.708,0.4033333333333333,0.4795,0.4337918504658542
insects_gradual_balanced,1,6,5,0.0,0.6433333333333333,0.4825,1.5765614733149662,0.572595510661602,0.642473943134149,0.6232946666666668,0.66674,0.97,0.282,0.454,0.6206234776164401
insects_gradual_balanced,1,6,10,0.0,0.6453333333333333,0.484,1.4749776393649168,0.5593777554035186,0.640669596850872,0.6432773333333333,0.698652,0.866,0.4826666666666667,0.5785,0.35660711055566263
insects_gradual_balanced,1,6,20,0.012,0.642,0.4845,1.3468596452389996,0.5438419416546821,0.6359207665324211,0.65964,0.720112,0.76,0.5453333333333333,0.599,0.2541503643273374
insects_gradual_balanced,1,6,50,0.222,0.6253333333333333,0.5245,1.1383256483268527,0.49489846086502076,0.630936224023501,0.7351066666666667,0.7768,0.692,0.578,0.6065,0.21307225430974905
insects_gradual_balanced,1,6,100,0.482,0.604,0.5735,1.0119083148342356,0.493290734231472,0.6148068263332049,0.717704,0.7661613333333334,0.766,0.5446666666666666,0.6,0.23142715458244842
insects_gradual_balanced,2,6,0,0.0,0.634,0.4755,4.064048865588669,0.6571132512688637,0.6852310739556948,0.5505720000000001,0.5716159999999999,,,,
insects_gradual_balanced,2,6,1,0.0,0.636,0.477,2.054625605820924,0.6351316586732865,0.666914789934953,0.556816,0.600252,0.804,0.3546666666666667,0.467,0.482001530366044
insects_gradual_balanced,2,6,2,0.0,0.6346666666666667,0.476,1.8687459785931888,0.6317649441361427,0.6660130578676859,0.561416,0.612932,0.82,0.38333333333333336,0.4925,0.45531369110578884
insects_gradual_balanced,2,6,5,0.0,0.6333333333333333,0.475,1.7526722010871354,0.624576411664486,0.6620426440834999,0.5677706666666666,0.6243733333333333,0.722,0.46,0.5255,0.3243499131109774
insects_gradual_balanced,2,6,10,0.0,0.6333333333333333,0.475,1.608842327340212,0.6192602421045303,0.6590614608128865,0.5727186666666667,0.6327959999999999,0.64,0.5046666666666667,0.5385,0.2454029247027905
insects_gradual_balanced,2,6,20,0.004,0.6373333333333333,0.479,1.4185419103315267,0.6000759989023209,0.6520856745441754,0.592252,0.6491226666666666,0.492,0.5573333333333333,0.541,0.1899176139723143
insects_gradual_balanced,2,6,50,0.126,0.632,0.5055,1.1939048431694954,0.5565760484337807,0.6370919749736786,0.6474613333333332,0.6926773333333334,0.504,0.5786666666666667,0.56,0.1918130305036373
insects_gradual_balanced,2,6,100,0.304,0.612,0.535,1.0792191291347686,0.571924343764782,0.6265548140207926,0.6024413333333334,0.6607746666666666,0.514,0.5666666666666667,0.5535,0.20062424218242025
insects_gradual_balanced,3,6,0,0.0,0.6686666666666666,0.5015,4.0425904959394305,0.8416745007038117,0.6912474658687909,0.2822226666666667,0.29788000000000003,,,,
insects_gradual_balanced,3,6,1,0.038,0.6713333333333333,0.513,2.232466485053723,0.8191779555678368,0.6787137265006701,0.29833533333333334,0.3180426666666667,0.12,0.648,0.516,0.05856033040820639
insects_gradual_balanced,3,6,2,0.024,0.6726666666666666,0.5105,1.9273202357168657,0.8130910317897797,0.6743898688356081,0.3019133333333333,0.33109466666666665,0.382,0.5193333333333333,0.485,0.2609240717705568
insects_gradual_balanced,3,6,5,0.038,0.67,0.512,1.6337648046353852,0.7833461418747902,0.670408371925354,0.33729733333333334,0.35994266666666663,0.496,0.5926666666666667,0.5685,0.21843090363913664
insects_gradual_balanced,3,6,10,0.002,0.678,0.509,1.447495897162668,0.7733004058003425,0.6654250681797663,0.3476306666666667,0.37805600000000006,0.804,0.49533333333333335,0.5725,0.3380965968450265
insects_gradual_balanced,3,6,20,0.002,0.6673333333333333,0.501,1.3361244756760926,0.7370558711886406,0.6624321239590645,0.3905093333333333,0.404084,0.676,0.554,0.5845,0.2612673692654787
insects_gradual_balanced,3,6,50,0.102,0.6626666666666666,0.5225,1.1615321628458888,0.679275396823883,0.6469225013057391,0.44248266666666664,0.429636,0.396,0.606,0.5535,0.1848061846401262
insects_gradual_balanced,3,6,100,0.248,0.6413333333333333,0.543,1.0366190727803828,0.6083074019551277,0.616653670946757,0.49446400000000007,0.4372813333333334,0.544,0.5733333333333334,0.566,0.22898752873039638
insects_gradual_balanced,4,6,0,0.0,0.668,0.501,4.02263858621696,0.6468518647551537,0.6675693742235501,0.541216,0.549312,,,,
insects_gradual_balanced,4,6,1,0.0,0.6666666666666666,0.5,2.2896936628124296,0.6460209833979607,0.6674942290584246,0.5427733333333333,0.5681573333333333,0.522,0.3606666666666667,0.401,0.4070372502221514
insects_gradual_balanced,4,6,2,0.0,0.6633333333333333,0.4975,2.2513147220121272,0.6457928402423858,0.6679154525001844,0.543696,0.5735373333333333,0.384,0.43666666666666665,0.4235,0.31199773684168647
insects_gradual_balanced,4,6,5,0.0,0.6713333333333333,0.5035,1.8322257016763461,0.6409367275834084,0.6677649184266726,0.5482420000000001,0.591124,0.638,0.37466666666666665,0.4405,0.4414281857024509
insects_gradual_balanced,4,6,10,0.0,0.672,0.504,1.55698419149221,0.6236779580116272,0.6642300866444906,0.573608,0.6274373333333334,0.764,0.43866666666666665,0.52,0.38408767194802745
insects_gradual_balanced,4,6,20,0.012,0.6686666666666666,0.5045,1.4255824301218942,0.611436894774437,0.6630167446931203,0.592904,0.6415079999999999,0.292,0.6153333333333333,0.5345,0.15695021705071927
insects_gradual_balanced,4,6,50,0.076,0.6646666666666666,0.5175,1.159101467037117,0.5630745809078217,0.6428444364070892,0.6516693333333333,0.694484,0.45,0.6106666666666667,0.5705,0.19814986178086014
insects_gradual_balanced,4,6,100,0.31,0.646,0.562,1.059945396904656,0.5753357189297676,0.640059050043424,0.6146426666666667,0.6414386666666667,0.454,0.6146666666666667,0.5745,0.19135970560303825
insects_incremental_balanced,0,6,0,0.0,0.618,0.4635,4.115129062384414,0.5408019540905953,0.6103043274879456,0.6604213333333333,0.6150720000000001,,,,
insects_incremental_balanced,0,6,1,0.0,0.616,0.462,1.8781448306961943,0.5338909911215305,0.5950928887724877,0.6488746666666667,0.6236413333333333,1.0,0.2,0.4,0.7377961357956608
insects_incremental_balanced,0,6,2,0.0,0.6166666666666667,0.4625,1.6451323735680836,0.5266120400428772,0.5953657641510168,0.6684239999999999,0.6667853333333335,0.998,0.2986666666666667,0.4735,0.6088392507156776
insects_incremental_balanced,0,6,5,0.006,0.6166666666666667,0.464,1.528237863044232,0.5108885077238083,0.593667758067449,0.7024653333333334,0.6965399999999999,0.996,0.35,0.5115,0.5272234849210001
insects_incremental_balanced,0,6,10,0.062,0.616,0.4775,1.4233136564376867,0.51312142598629,0.5964803664882978,0.697932,0.7048586666666666,0.83,0.5146666666666667,0.5935,0.2695522609332816
insects_incremental_balanced,0,6,20,0.142,0.616,0.4975,1.2709261198019395,0.5065591277182102,0.5942751343846321,0.6985600000000001,0.7005506666666667,0.7,0.5813333333333334,0.611,0.2020380272333632
insects_incremental_balanced,0,6,50,0.44,0.5993333333333334,0.5595,1.0672366851223458,0.5318170723021031,0.588534477810065,0.635288,0.6464226666666666,0.752,0.5813333333333334,0.624,0.21041481928076924
insects_incremental_balanced,0,6,100,0.688,0.5833333333333334,0.6095,0.956176725623296,0.5702117510735989,0.5801343853871027,0.5467746666666667,0.5718973333333334,0.884,0.554,0.6365,0.2416508684260679
insects_incremental_balanced,1,6,0,0.0,0.6166666666666667,0.4625,4.096653203338532,0.5936552850008011,0.6369020248055458,0.5941493333333333,0.5836066666666666,,,,
insects_incremental_balanced,1,6,1,0.0,0.6146666666666667,0.461,2.6831329477343413,0.5783578777313232,0.6238612714012464,0.6024386666666667,0.5782746666666667,0.034,0.5086666666666667,0.39,0.09289439722573505
insects_incremental_balanced,1,6,2,0.002,0.616,0.4625,2.1177956482653273,0.5722300863862038,0.6231293939153353,0.613548,0.5994306666666667,0.432,0.3393333333333333,0.3625,0.3744526988197418
insects_incremental_balanced,1,6,5,0.0,0.6186666666666667,0.464,1.7038697696825416,0.5539371999502182,0.6199863837162654,0.6457373333333334,0.6756066666666667,0.806,0.2713333333333333,0.405,0.5947365842507403
insects_incremental_balanced,1,6,10,0.0,0.6193333333333333,0.4645,1.5119864660842368,0.5391236424446106,0.615622201859951,0.6717186666666666,0.7363893333333332,0.77,0.44333333333333336,0.525,0.4113004459728934
insects_incremental_balanced,1,6,20,0.032,0.6126666666666667,0.4675,1.3708267320788952,0.5009712157845497,0.61319905291001,0.7292586666666666,0.78142,0.58,0.5513333333333333,0.5585,0.2035252142670154
insects_incremental_balanced,1,6,50,0.32,0.604,0.533,1.1557656350002043,0.49112939754128454,0.6147668024102847,0.745224,0.7862266666666666,0.672,0.5533333333333333,0.583,0.21737054203464612
insects_incremental_balanced,1,6,100,0.586,0.5966666666666667,0.594,1.0157683038508536,0.5425165826678277,0.6096196474432946,0.635968,0.7134720000000001,0.768,0.548,0.603,0.25906849539612814
insects_incremental_balanced,2,6,0,0.0,0.668,0.501,4.057677237031291,0.7035202011466026,0.7069386861721675,0.5001666666666666,0.5286986666666667,,,,
insects_incremental_balanced,2,6,1,0.0,0.6726666666666666,0.5045,1.9041122457644695,0.6968197906017304,0.7091564164559047,0.5143933333333334,0.5584066666666667,0.986,0.32666666666666666,0.4915,0.580631726224726
insects_incremental_balanced,2,6,2,0.0,0.6753333333333333,0.5065,1.8200221171702808,0.6949957036376,0.7084787981907527,0.5154626666666666,0.5577226666666667,0.992,0.25066666666666665,0.436,0.6838062864321633
insects_incremental_balanced,2,6,5,0.01,0.6686666666666666,0.504,1.630025650526179,0.6844820145368576,0.7077923822800318,0.5296546666666666,0.581844,0.864,0.44066666666666665,0.5465,0.3709285184887921
insects_incremental_balanced,2,6,10,0.002,0.6746666666666666,0.5065,1.5378895330584215,0.6732911765575409,0.7003018999497096,0.53502,0.5925386666666668,0.358,0.6413333333333333,0.5705,0.1669264236107681
insects_incremental_balanced,2,6,20,0.046,0.6733333333333333,0.5165,1.3999906652292389,0.6561154746413231,0.6965672325690587,0.5564413333333333,0.6269440000000001,0.222,0.6673333333333333,0.556,0.1149994139427103
insects_incremental_balanced,2,6,50,0.156,0.6706666666666666,0.542,1.155386017604819,0.6326044167876244,0.6866151898900668,0.5942080000000001,0.6803439999999998,0.342,0.6646666666666666,0.584,0.1556159364644258
insects_incremental_balanced,2,6,100,0.246,0.662,0.558,1.0235586235395087,0.5871450281739234,0.6613634328643481,0.6470333333333332,0.7000839999999999,0.438,0.6446666666666667,0.593,0.1821443255594537
insects_incremental_balanced,3,6,0,0.0,0.682,0.5115,4.050195812548298,0.8484080261588096,0.6762367714047431,0.26438666666666666,0.24311066666666667,,,,
insects_incremental_balanced,3,6,1,0.0,0.6733333333333333,0.505,1.9927459284858642,0.8402372947335244,0.6725817878047625,0.2731186666666667,0.2630946666666667,0.926,0.238,0.41,0.6420233638591134
insects_incremental_balanced,3,6,2,0.0,0.6793333333333333,0.5095,1.5985890675191834,0.8235903452634812,0.6725620300571123,0.2834873333333333,0.27626266666666666,0.97,0.30933333333333335,0.4745,0.6321115910889848
insects_incremental_balanced,3,6,5,0.0,0.6753333333333333,0.5065,1.5652524538274146,0.8205206307768822,0.6719616768360138,0.28526666666666667,0.2824,0.948,0.37466666666666665,0.518,0.5256491688281572
insects_incremental_balanced,3,6,10,0.0,0.6793333333333333,0.5095,1.5267425028663753,0.8148234336972237,0.6709806561072668,0.2910666666666667,0.2893053333333333,0.498,0.5686666666666667,0.551,0.2620441471888678
insects_incremental_balanced,3,6,20,0.0,0.6733333333333333,0.505,1.3304383157736854,0.7723570479154587,0.6600133320788543,0.32706,0.32744933333333337,0.596,0.5986666666666667,0.598,0.22546567648622884
insects_incremental_balanced,3,6,50,0.0,0.6746666666666666,0.506,1.159043622900906,0.6983206547498703,0.6406786457101504,0.39434800000000003,0.36268000000000006,0.012,0.6686666666666666,0.5045,0.11570543746308103
insects_incremental_balanced,3,6,100,0.098,0.668,0.5255,1.0501810057639929,0.6009952543973923,0.6173338427742322,0.5194266666666666,0.3883346666666666,0.2,0.6473333333333333,0.5355,0.15348010743465998
insects_incremental_balanced,4,6,0,0.0,0.6706666666666666,0.503,4.005195750176913,0.7480499085187912,0.6749597010612488,0.35852799999999996,0.417872,,,,
insects_incremental_balanced,4,6,1,0.0,0.674,0.5055,2.018993910132305,0.7361821431517601,0.6711388881603877,0.37551066666666666,0.46415199999999995,0.686,0.43066666666666664,0.4945,0.39036681954800784
insects_incremental_balanced,4,6,2,0.0,0.678,0.5085,1.8083914606475406,0.7284981881976128,0.668708720266819,0.3842013333333333,0.492808,0.694,0.486,0.538,0.3466374657058294
insects_incremental_balanced,4,6,5,0.0,0.6786666666666666,0.509,1.5450902311335275,0.722016699552536,0.6668477161924045,0.39120666666666665,0.5264266666666667,0.778,0.4726666666666667,0.549,0.40483544982697156
insects_incremental_balanced,4,6,10,0.0,0.6766666666666666,0.5075,1.4806288106678098,0.7106344631910324,0.6668643782536189,0.4122053333333333,0.5571480000000001,0.734,0.498,0.557,0.34486162744771504
insects_incremental_balanced,4,6,20,0.0,0.678,0.5085,1.347595702643267,0.6891654722690582,0.6596632043917974,0.434708,0.5942266666666667,0.55,0.5846666666666667,0.576,0.18926929582638385
insects_incremental_balanced,4,6,50,0.036,0.6666666666666666,0.509,1.139602839088847,0.6144329976439477,0.6484450162649155,0.5552466666666667,0.6683373333333333,0.702,0.5186666666666667,0.5645,0.26231908863464265
insects_incremental_balanced,4,6,100,0.216,0.646,0.5385,1.0154773998781428,0.5540944511592388,0.6313569176097711,0.6491133333333333,0.6852453333333334,0.694,0.554,0.589,0.2443992080846573
h3_poker_b,0,4,0,0.0,0.9813333333333333,0.736,3.4979484677866752,0.9912897597551346,0.9672420034607252,0.5836053333333333,0.5878066666666666,,,,
h3_poker_b,0,4,1,0.0,0.9766666666666667,0.7325,0.9882116686074979,0.9580313328504563,0.953941963672638,0.688358,0.6811226666666668,1.0,0.066,0.2995,0.9345168195658303
h3_poker_b,0,4,2,0.0,0.9773333333333334,0.733,0.9512864707077906,0.9582303774356842,0.9520285247762998,0.7007573333333335,0.6902280000000001,1.0,0.082,0.3115,0.937527765695296
h3_poker_b,0,4,5,0.084,0.978,0.7545,0.5638497240396467,0.8075111257433891,0.9501039282480875,0.8708546666666667,0.8571346666666668,1.0,0.342,0.5065,0.6841370253285111
h3_poker_b,0,4,10,0.222,0.978,0.789,0.4378429363004624,0.7481347929835319,0.9486137705246608,0.9129186666666667,0.8966000000000001,1.0,0.6353333333333333,0.7265,0.5061362541606029
h3_poker_b,0,4,20,0.578,0.9786666666666667,0.8785,0.2712441830935659,0.731231956243515,0.9461364236871401,0.9207919999999999,0.9013533333333332,0.976,0.8726666666666667,0.8985,0.3645625029089309
h3_poker_b,0,4,50,0.864,0.9813333333333333,0.952,0.13868410484844038,0.8471462564468384,0.9509571565389633,0.7839906666666667,0.7658733333333333,0.976,0.9646666666666667,0.9675,0.280685074366921
h3_poker_b,0,4,100,0.934,0.984,0.9715,0.0959800898867747,0.9144501218795776,0.953403102338314,0.6056513333333333,0.5898426666666666,0.984,0.9766666666666667,0.9785,0.25465152368068095
h3_poker_b,1,4,0,0.0,0.998,0.7485,3.45993990609838,0.8310525629520417,0.9939717212319374,0.9659,0.9663666666666666,,,,
h3_poker_b,1,4,1,0.01,0.9986666666666667,0.7515,0.9222579087377272,0.7961433640122414,0.9923324756820997,0.9683993333333334,0.9684773333333334,0.958,0.8673333333333333,0.89,0.3403103316753503
h3_poker_b,1,4,2,0.024,0.9986666666666667,0.755,0.7548627595709749,0.7604131751060486,0.9918379381299018,0.9741533333333333,0.9736706666666667,0.962,0.884,0.9035,0.32636567480224865
h3_poker_b,1,4,5,0.07,0.998,0.766,0.6543722040044714,0.7266464266777038,0.9914647769331932,0.9815146666666666,0.9804026666666668,0.918,0.9333333333333333,0.9295,0.26133891299211437
h3_poker_b,1,4,10,0.12,0.998,0.7785,0.503392108314563,0.6593659104704856,0.98961005260547,0.9890506666666666,0.9884573333333333,0.958,0.9573333333333334,0.9575,0.2504283879152914
h3_poker_b,1,4,20,0.328,0.998,0.8305,0.3596800726415752,0.6479034162163735,0.9893394333521525,0.989264,0.9882493333333333,0.918,0.98,0.9645,0.22964514345208764
h3_poker_b,1,4,50,0.7,0.9946666666666667,0.921,0.18161971124989312,0.7403529677987098,0.9859562365611394,0.97068,0.970616,0.936,0.9826666666666667,0.971,0.23645993983293634
h3_poker_b,1,4,100,0.904,0.9933333333333333,0.971,0.09977172415959937,0.8067313724160194,0.9788666272560755,0.9336746666666667,0.936344,0.98,0.9826666666666667,0.982,0.24998832617529929
h3_poker_b,2,4,0,0.0,0.9953333333333333,0.7465,3.470820083521649,0.80747578561306,0.9822961480418841,0.9582313333333333,0.957808,,,,
h3_poker_b,2,4,1,0.0,0.9953333333333333,0.7465,0.7067754614844958,0.7661809293627739,0.9850212996006011,0.9742533333333334,0.9794746666666666,1.0,0.7646666666666667,0.8235,0.4269275784002501
h3_poker_b,2,4,2,0.016,0.9946666666666667,0.75,0.6254869957938033,0.7416066876649856,0.9832181241909663,0.9747359999999999,0.9802893333333332,1.0,0.822,0.8665,0.3880189791144685
h3_poker_b,2,4,5,0.04,0.9953333333333333,0.7565,0.4939436891335281,0.6844599129557609,0.9832632561922073,0.983864,0.9887159999999999,0.996,0.908,0.93,0.3360232224506225
h3_poker_b,2,4,10,0.202,0.9953333333333333,0.797,0.38874157263240416,0.6448767668604851,0.9822907947301864,0.9860293333333334,0.989048,0.982,0.924,0.9385,0.309477081536252
h3_poker_b,2,4,20,0.598,0.9946666666666667,0.8955,0.2315830441330086,0.69908371591568,0.9783221657077471,0.9734893333333334,0.9774386666666667,1.0,0.9446666666666667,0.9585,0.28479844267941173
h3_poker_b,2,4,50,0.858,0.992,0.9585,0.09594345633823913,0.8368240837454796,0.9783127520084381,0.8961333333333333,0.898772,0.998,0.9726666666666667,0.979,0.2671132015686935
h3_poker_b,2,4,100,0.948,0.99,0.9795,0.06180933597275679,0.8997217572927475,0.9765616009632746,0.7773886666666666,0.7781293333333333,0.996,0.984,0.987,0.2565867011173701
h3_poker_b,3,4,0,0.0,0.986,0.7395,3.5009962146783837,0.7347485707998276,0.9541154728333155,0.9306093333333334,0.9269506666666666,,,,
h3_poker_b,3,4,1,0.192,0.9806666666666667,0.7835,0.648090449846155,0.650369122326374,0.947053776105245,0.9487186666666667,0.9669799999999998,1.0,0.736,0.802,0.4531085343741841
h3_poker_b,3,4,2,0.358,0.9813333333333333,0.8255,0.5409882956962895,0.7301523410081864,0.9480319680571556,0.903344,0.9227853333333333,0.996,0.8653333333333333,0.898,0.35113453547140266
h3_poker_b,3,4,5,0.474,0.9813333333333333,0.8545,0.36505002904723705,0.743766465485096,0.9472185943325361,0.8551573333333333,0.8714319999999999,1.0,0.872,0.904,0.35280836097518803
h3_poker_b,3,4,10,0.64,0.9833333333333333,0.8975,0.2631132707578655,0.7384123392701148,0.9466549817919732,0.8607940000000001,0.8746813333333333,0.998,0.9433333333333334,0.957,0.29463429255387397
h3_poker_b,3,4,20,0.7,0.9793333333333333,0.9095,0.23299068541770668,0.821484867811203,0.9478285234769185,0.737576,0.7489853333333334,0.962,0.9686666666666667,0.967,0.24175966600943144
h3_poker_b,3,4,50,0.984,0.98,0.981,0.09874760968452734,0.8806694570779801,0.9462638470729192,0.594686,0.6041746666666666,1.0,0.9613333333333334,0.971,0.2670919569120129
h3_poker_b,3,4,100,1.0,0.972,0.979,0.08347856868052354,0.9723928785920143,0.9347517128984133,0.40358466666666665,0.40990133333333334,1.0,0.964,0.973,0.2621518368185157
h3_poker_b,4,4,0,0.0,0.9746666666666667,0.731,3.5095045818740083,0.9958028590679169,0.9524165407617887,0.29447133333333336,0.2957093333333333,,,,
h3_poker_b,4,4,1,0.002,0.9733333333333334,0.7305,1.0206088192438685,0.9521749249696732,0.9465714947581291,0.6176553333333333,0.6150493333333332,1.0,0.13466666666666666,0.351,0.8424533323246899
h3_poker_b,4,4,2,0.056,0.972,0.743,0.8330979848929199,0.9039389880895614,0.9440310803453128,0.707208,0.7009773333333333,1.0,0.2713333333333333,0.4535,0.7112769808047801
h3_poker_b,4,4,5,0.086,0.97,0.749,0.7623561633517005,0.8766248470544815,0.939724281569322,0.7227826666666668,0.715056,0.974,0.6866666666666666,0.7585,0.4774123557030807
h3_poker_b,4,4,10,0.158,0.968,0.7655,0.6134331726403882,0.8287259815335274,0.935441109418869,0.7877813333333332,0.7786546666666666,0.904,0.8586666666666667,0.87,0.3537130233703462
h3_poker_b,4,4,20,0.382,0.968,0.8215,0.4061208496002834,0.7794573936462402,0.9305631030201912,0.8386866666666666,0.8251586666666667,0.93,0.8786666666666667,0.8915,0.3409950539996489
h3_poker_b,4,4,50,0.712,0.9653333333333334,0.902,0.24055055771419975,0.801175971031189,0.9295981163779895,0.7670933333333334,0.7501840000000001,0.956,0.9213333333333333,0.93,0.29477854631766215
h3_poker_b,4,4,100,0.89,0.9666666666666667,0.9475,0.15128169561964708,0.8691284903883933,0.9373344568212827,0.6427706666666667,0.6275333333333333,0.972,0.95,0.9555,0.26350062275205055
rbf_s10,0,4,0,0.0,0.9266666666666666,0.695,3.593965570512826,0.6266961485743523,0.9073583214084308,0.8797373333333334,0.88284,,,,
rbf_s10,0,4,1,0.098,0.9293333333333333,0.7215,1.3312373702594802,0.6359592344164848,0.9024755800763766,0.8712706666666666,0.8744159999999999,1.0,0.5793333333333334,0.6845,0.4845966061349126
rbf_s10,0,4,2,0.228,0.928,0.753,1.092231589626293,0.6286586269140243,0.9000203989744187,0.8731340000000001,0.8720426666666666,0.992,0.6453333333333333,0.732,0.4342062621592809
rbf_s10,0,4,5,0.246,0.928,0.7575,0.8591519308589609,0.6230659888982772,0.8991227245926857,0.8588893333333334,0.8651093333333333,0.988,0.6933333333333334,0.767,0.39955565047321573
rbf_s10,0,4,10,0.352,0.9306666666666666,0.786,0.6363299984083988,0.6126747355461121,0.8990304869413376,0.8625760000000001,0.8719893333333334,0.97,0.776,0.8245,0.35766859036464493
rbf_s10,0,4,20,0.46,0.928,0.811,0.536193776693593,0.66128229367733,0.8968942556579907,0.8033153333333333,0.813588,0.924,0.876,0.888,0.26801303877884775
rbf_s10,0,4,50,0.706,0.9286666666666666,0.873,0.36259054301178784,0.7760189882516861,0.8931154275337855,0.692688,0.701872,0.88,0.902,0.8965,0.24912160554135143
rbf_s10,0,4,100,0.744,0.9246666666666666,0.8795,0.3250550089834191,0.7983003320097923,0.8813990205923716,0.6357806666666667,0.6390213333333334,0.852,0.9073333333333333,0.8935,0.24148259206147002
rbf_s10,1,4,0,0.0,0.926,0.6945,3.5996023311315795,0.6795967065095901,0.9131725370089213,0.869428,0.8690413333333332,,,,
rbf_s10,1,4,1,0.058,0.9246666666666666,0.708,1.519738027049226,0.6998407819271087,0.9093651518623034,0.8465906666666667,0.8462866666666666,0.908,0.642,0.7085,0.4120553288565152
rbf_s10,1,4,2,0.06,0.9246666666666666,0.7085,1.2824358555502662,0.6915514750480651,0.9094020606676737,0.8508746666666667,0.8529466666666666,0.946,0.6206666666666667,0.702,0.4395507658944752
rbf_s10,1,4,5,0.124,0.924,0.724,1.0312932281677254,0.6945510846376419,0.9068208730816841,0.8405120000000001,0.8459226666666667,0.8,0.7346666666666667,0.751,0.342895752132214
rbf_s10,1,4,10,0.25,0.926,0.757,0.8549690759469748,0.683132181942463,0.9055500257412593,0.837832,0.8390626666666667,0.652,0.8586666666666667,0.807,0.2509478483991136
rbf_s10,1,4,20,0.576,0.9233333333333333,0.8365,0.5036000603058288,0.7785165061354637,0.9016621565818786,0.7232726666666667,0.7271213333333334,0.838,0.8653333333333333,0.8585,0.2822012236151864
rbf_s10,1,4,50,0.762,0.924,0.8835,0.325706349045787,0.8237397927045822,0.9014033097823461,0.657934,0.6618106666666667,0.888,0.8946666666666667,0.893,0.26364845579645585
rbf_s10,1,4,100,0.814,0.9166666666666666,0.891,0.2880231619123145,0.8432572876214981,0.8927397781213124,0.6051733333333333,0.6065613333333334,0.894,0.8966666666666666,0.896,0.2563903768402725
rbf_s10,2,4,0,0.0,0.9286666666666666,0.6965,3.59981257636882,0.664654922068119,0.9125590870976448,0.87656,0.8762853333333334,,,,
rbf_s10,2,4,1,0.086,0.9226666666666666,0.7135,1.4304325391503492,0.667959750533104,0.912253765543302,0.8725066666666665,0.881,0.692,0.7346666666666667,0.724,0.3290891284742862
rbf_s10,2,4,2,0.15,0.9286666666666666,0.734,1.2218430314085427,0.6559488417506218,0.9117354548374812,0.8787693333333333,0.8850866666666667,0.768,0.7473333333333333,0.7525,0.3277495734341802
rbf_s10,2,4,5,0.18,0.926,0.7395,0.9549528212028938,0.6553299596309662,0.9091959608594576,0.8755506666666667,0.8821866666666666,0.89,0.7046666666666667,0.751,0.3851007111198147
rbf_s10,2,4,10,0.322,0.9293333333333333,0.7775,0.7214351105757946,0.6841259632706642,0.9049576106667518,0.8424933333333333,0.8516079999999999,0.848,0.7873333333333333,0.8025,0.3356306308613839
rbf_s10,2,4,20,0.47,0.9273333333333333,0.813,0.5293822352992374,0.7003562806844711,0.9000633622209231,0.8102126666666667,0.8166319999999999,0.83,0.846,0.842,0.3006595512447548
rbf_s10,2,4,50,0.694,0.9253333333333333,0.8675,0.3571755883340823,0.7966466344594956,0.8937495976487796,0.6807026666666667,0.6834720000000001,0.892,0.874,0.8785,0.27940296206022985
rbf_s10,2,4,100,0.824,0.924,0.899,0.27717842280355887,0.8206966071724892,0.8852013351122539,0.6002646666666667,0.602576,0.94,0.8886666666666667,0.9015,0.2765856825110852
rbf_s10,3,4,0,0.0,0.9246666666666666,0.6935,3.593813194470963,0.6711744572520256,0.9213443601528803,0.8874679999999999,0.896064,,,,
rbf_s10,3,4,1,0.03,0.9286666666666666,0.704,1.3376172271769047,0.6665409634709358,0.9200474695364634,0.8894693333333333,0.8978506666666667,1.0,0.534,0.6505,0.5582732795523992
rbf_s10,3,4,2,0.03,0.9286666666666666,0.704,1.1458631360748954,0.65146433532238,0.9187102660139401,0.8938373333333333,0.903532,0.986,0.5986666666666667,0.6955,0.4963657177926183
rbf_s10,3,4,5,0.1,0.928,0.721,0.933539387524765,0.6204897525310517,0.9153754977583886,0.9034746666666668,0.9151106666666666,0.986,0.6833333333333333,0.759,0.41484607362774906
rbf_s10,3,4,10,0.262,0.926,0.76,0.6919135825068385,0.6202967715263367,0.9136255579392115,0.8952946666666666,0.9062173333333333,0.94,0.7646666666666667,0.8085,0.35959422786121087
rbf_s10,3,4,20,0.476,0.9293333333333333,0.816,0.48947556451697927,0.6212990938425064,0.9087460994124412,0.8744946666666666,0.882832,0.95,0.8233333333333334,0.855,0.3324172804443557
rbf_s10,3,4,50,0.684,0.9293333333333333,0.868,0.3731529177676497,0.7397073692679406,0.9072244425018628,0.7423346666666667,0.7468866666666667,0.874,0.906,0.898,0.25043341177536255
rbf_s10,3,4,100,0.77,0.9213333333333333,0.8835,0.31920401172723256,0.76558730250597,0.8990864249666531,0.682132,0.6830866666666667,0.906,0.8973333333333333,0.8995,0.2507816926358493
rbf_s10,4,4,0,0.0,0.9333333333333333,0.7,3.595687915341252,0.6547680441737175,0.9106597782373428,0.8703173333333333,0.8695746666666666,,,,
rbf_s10,4,4,1,0.0,0.928,0.696,1.4418572434040435,0.6476090608239173,0.9082433033982913,0.871772,0.8739146666666667,0.86,0.62,0.68,0.45894500589100234
rbf_s10,4,4,2,0.052,0.9286666666666666,0.7095,1.2134160936066412,0.6263332255482673,0.9077178672154744,0.8821306666666666,0.8872333333333332,0.846,0.672,0.7155,0.4177506606700001
rbf_s10,4,4,5,0.094,0.9313333333333333,0.722,1.160302479102176,0.653068502008915,0.9045307754675548,0.856996,0.8609653333333332,0.7,0.7793333333333333,0.7595,0.279720767548516
rbf_s10,4,4,10,0.23,0.9266666666666666,0.7525,0.7873701905332159,0.6456930661797523,0.9012362427314122,0.8464173333333334,0.8541546666666666,0.864,0.8326666666666667,0.8405,0.2841522005370131
rbf_s10,4,4,20,0.408,0.9253333333333333,0.796,0.5979980425907241,0.689940172970295,0.9014042061169942,0.7915380000000001,0.7981093333333333,0.816,0.8786666666666667,0.863,0.24329666833767452
rbf_s10,4,4,50,0.666,0.9293333333333333,0.8635,0.3444390968283142,0.7445264437198639,0.8915710764129957,0.7047026666666667,0.7085093333333333,0.946,0.8826666666666667,0.8985,0.2793740530204268
rbf_s10,4,4,100,0.764,0.9246666666666666,0.8845,0.3211299324589418,0.7636820732951164,0.8805871449311574,0.659268,0.6616786666666666,0.898,0.898,0.898,0.25459151109701383
