group,stream,mice1,mice,mice10,fifo,ltm,ddm,winens,oracle,arf,srp,hat,levbag,adwinbag,nse,mooe_rff2000_100_2_0.01,mooe_rff4000_100_2_0.01,trained_best,trained_best_name
grid10,grid_c100_b2000_s10,0.8763128491620109,0.8682122905027931,0.8748603351955305,0.7553072625698324,,0.8504469273743018,0.8249162011173182,0.8965921787709498,0.548268156424581,0.5632960893854749,0.395195530726257,0.5352513966480447,0.40748603351955304,0.41033519553072617,0.7117877094972067,0.7129608938547486,0.7129608938547486,mooe_rff4000_100_2_0.01
grid10,grid_c100_b2000_s11,0.8705027932960894,0.8651396648044694,0.8697765363128491,0.7440223463687151,,0.8447486033519552,0.8188826815642457,0.8965363128491619,0.5293296089385475,0.5454189944134079,0.3942458100558659,0.5197765363128491,0.3987150837988827,0.4046927374301676,0.6910055865921788,0.6953072625698323,0.6953072625698323,mooe_rff4000_100_2_0.01
grid10,grid_c100_b500_s10,0.7322727272727273,0.7234090909090909,0.7309090909090908,0.44136363636363635,,0.6486363636363637,0.6136363636363635,0.8229545454545456,0.4136363636363635,0.4275,0.3695454545454545,0.3811363636363636,0.3736363636363636,0.3763636363636364,0.5604545454545454,0.5722727272727273,0.5722727272727273,mooe_rff4000_100_2_0.01
grid10,grid_c100_b500_s11,0.7213636363636364,0.7102272727272727,0.7152272727272728,0.40318181818181814,,0.6334090909090909,0.5963636363636362,0.823409090909091,0.3972727272727273,0.4122727272727273,0.3563636363636364,0.38613636363636367,0.34613636363636363,0.39227272727272733,0.5345454545454547,0.5302272727272727,0.5345454545454547,mooe_rff2000_100_2_0.01
grid10,grid_c30_b2000_s10,0.9517318435754191,0.948826815642458,0.950782122905028,0.8300558659217876,,0.9439664804469275,0.9358659217877094,0.9737988826815642,0.7779329608938548,0.8200000000000002,0.5545810055865922,0.7785474860335196,0.565195530726257,0.6324581005586591,0.888268156424581,0.8902234636871507,0.8902234636871507,mooe_rff4000_100_2_0.01
grid10,grid_c30_b2000_s11,0.9383798882681565,0.9361452513966481,0.9375418994413407,0.7848044692737428,,0.9354748603351954,0.9234078212290504,0.968268156424581,0.7720670391061454,0.8038547486033519,0.46262569832402234,0.6622346368715083,0.5018994413407821,0.6416201117318434,0.8663128491620111,0.8697206703910615,0.8697206703910615,mooe_rff4000_100_2_0.01
grid10,grid_c30_b500_s10,0.8375,0.8350000000000002,0.8345454545454547,0.5118181818181817,,0.8265909090909088,0.8086363636363636,0.9395454545454546,0.5768181818181819,0.6011363636363637,0.4981818181818183,0.5463636363636364,0.5043181818181819,0.56,0.755,0.7513636363636362,0.755,mooe_rff2000_100_2_0.01
grid10,grid_c30_b500_s11,0.8188636363636363,0.8104545454545455,0.8143181818181819,0.3654545454545454,,0.7845454545454544,0.7838636363636364,0.9350000000000002,0.5672727272727274,0.5918181818181818,0.40704545454545454,0.4961363636363636,0.4093181818181817,0.6027272727272728,0.6915909090909091,0.6965909090909093,0.6965909090909093,mooe_rff4000_100_2_0.01
grid10,grid_c5_b2000_s10,0.9666480446927375,0.9667039106145252,0.9666480446927375,0.8378212290502794,,0.9697206703910614,0.96268156424581,0.992122905027933,0.9561452513966481,0.9547486033519555,0.7172067039106145,0.8580446927374303,0.7349162011173185,0.8945810055865921,0.9669273743016759,0.9669832402234637,0.9669832402234637,mooe_rff4000_100_2_0.01
grid10,grid_c5_b2000_s11,0.9604469273743018,0.9598882681564247,0.9602234636871508,0.82,,0.9579888268156423,0.9544692737430167,0.9910055865921789,0.9498882681564248,0.9567039106145251,0.7564804469273743,0.8901675977653631,0.6935195530726256,0.9102234636871509,0.9612290502793296,0.9612290502793296,0.9612290502793296,mooe_rff2000_100_2_0.01
grid10,grid_c5_b500_s10,0.864090909090909,0.864090909090909,0.864090909090909,0.4881818181818183,,0.8738636363636364,0.725,0.9690909090909091,0.8404545454545456,0.8352272727272727,0.6606818181818181,0.6920454545454544,0.6511363636363637,0.7997727272727272,0.8672727272727273,0.8672727272727272,0.8672727272727273,mooe_rff2000_100_2_0.01
grid10,grid_c5_b500_s11,0.8565909090909091,0.8563636363636363,0.8565909090909091,0.385909090909091,,0.8036363636363636,0.8134090909090909,0.9590909090909091,0.8352272727272727,0.8488636363636364,0.440909090909091,0.6840909090909091,0.4515909090909091,0.8284090909090908,0.8565909090909088,0.8577272727272726,0.8577272727272726,mooe_rff4000_100_2_0.01
grid20,grid_c100_b2000_s20,0.8668715083798884,0.8628491620111732,0.8665363128491621,0.7589385474860336,,0.8339106145251399,0.820391061452514,,,,,,,,,,,
grid20,grid_c100_b2000_s21,0.8605027932960896,0.8519553072625698,0.8594413407821231,0.7317318435754191,,0.8302793296089386,0.8040782122905028,,,,,,,,,,,
grid20,grid_c100_b500_s20,0.7420454545454546,0.7354545454545455,0.7409090909090907,0.46704545454545454,,0.6477272727272728,0.6265909090909091,,,,,,,,,,,
grid20,grid_c100_b500_s21,0.7068181818181819,0.7027272727272728,0.7015909090909092,0.3925,,0.6213636363636363,0.5731818181818181,,,,,,,,,,,
grid20,grid_c30_b2000_s20,0.9381564245810057,0.9343575418994413,0.9368156424581006,0.7888826815642457,,0.929217877094972,0.9157541899441342,,,,,,,,,,,
grid20,grid_c30_b2000_s21,0.9477094972067039,0.9448603351955308,0.9460893854748604,0.7981005586592179,,0.9419553072625699,0.9334078212290503,,,,,,,,,,,
grid20,grid_c30_b500_s20,0.8204545454545453,0.8138636363636362,0.8172727272727272,0.411590909090909,,0.8063636363636363,0.78,,,,,,,,,,,
grid20,grid_c30_b500_s21,0.8338636363636361,0.8293181818181817,0.8318181818181817,0.39250000000000007,,0.8175,0.795909090909091,,,,,,,,,,,
grid20,grid_c5_b2000_s20,0.9649162011173186,0.965027932960894,0.9648603351955306,0.8296648044692737,,0.9610055865921788,0.9624581005586594,,,,,,,,,,,
grid20,grid_c5_b2000_s21,0.9722905027932962,0.9707262569832403,0.9712290502793297,0.8740782122905029,,0.97463687150838,0.964413407821229,,,,,,,,,,,
grid20,grid_c5_b500_s20,0.8704545454545456,0.871590909090909,0.8704545454545456,0.43409090909090914,,0.8536363636363635,0.7743181818181818,,,,,,,,,,,
grid20,grid_c5_b500_s21,0.9027272727272727,0.8997727272727274,0.9024999999999999,0.6122727272727272,,0.8929545454545454,0.8668181818181818,,,,,,,,,,,
fam,agrawal_s10,0.9687866108786611,0.965020920502092,0.9680753138075314,0.8618828451882845,0.8616317991631799,0.9640167364016736,0.9574895397489541,0.9861506276150629,,,,,,,,,,
fam,agrawal_s11,0.9680753138075314,0.9646861924686193,0.9675732217573222,0.863347280334728,0.8641004184100418,0.9642677824267784,0.9577824267782428,0.9865690376569038,,,,,,,,,,
fam,agrawal_s12,0.9665690376569037,0.9643096234309625,0.9661087866108787,0.8654811715481172,0.8653138075313808,0.9645606694560671,0.9564016736401673,0.9864435146443515,,,,,,,,,,
fam,agrawal_s13,0.9677824267782428,0.9657322175732218,0.9674895397489539,0.8630125523012552,0.8639330543933055,0.9629707112970711,0.9562761506276151,0.9851464435146443,,,,,,,,,,
fam,agrawal_s14,0.9678661087866108,0.9648535564853555,0.967071129707113,0.8630543933054392,0.8630125523012552,0.9642677824267781,0.957071129707113,0.9867782426778243,,,,,,,,,,
realD,elec2,0.8058407079646018,0.8122345132743362,0.8117035398230088,0.8095575221238938,0.8079867256637168,0.7989159292035397,0.8070796460176991,,0.7943805309734513,0.7837610619469026,0.7717477876106195,0.7955088495575222,0.7808628318584072,0.784933628318584,0.799579646017699,0.8005973451327434,0.8005973451327434,mooe_rff4000_100_2_0.01
fam,hyperplane_s10,0.9235195530726257,0.9132402234636872,0.9197206703910614,0.8994413407821229,0.8992737430167598,0.9102234636871509,0.9097765363128492,0.9305027932960894,,,,,,,,,,
fam,hyperplane_s11,0.9254748603351955,0.9181005586592177,0.9223463687150836,0.9087150837988826,0.9080446927374303,0.9154189944134079,0.9146927374301677,0.9324581005586592,,,,,,,,,,
fam,hyperplane_s12,0.9217877094972067,0.9121229050279328,0.9183798882681563,0.8964245810055866,0.8970949720670391,0.9079888268156426,0.907653631284916,0.9277653631284916,,,,,,,,,,
fam,hyperplane_s13,0.9204469273743017,0.909217877094972,0.9190502793296089,0.8817318435754189,0.8807821229050279,0.901117318435754,0.9030167597765363,0.928435754189944,,,,,,,,,,
fam,hyperplane_s14,0.9251396648044693,0.9132960893854749,0.9230726256983242,0.8889385474860335,0.8881005586592179,0.9127932960893855,0.9072067039106144,0.9336871508379888,,,,,,,,,,
realD,insects_abrupt_balanced,0.7802846299810248,0.7785199240986717,0.7786337760910816,0.7652941176470587,0.7625426944971537,0.7652941176470587,0.7739089184060721,,0.7339089184060721,0.7369829222011385,0.6216129032258065,0.691043643263757,0.5859392789373814,0.6153700189753322,0.7673624288425047,0.7668500948766603,0.7673624288425047,mooe_rff2000_100_2_0.01
realD,insects_gradual_balanced,0.8066666666666668,0.8042083333333333,0.8060416666666667,0.7883333333333333,0.7925,0.7992916666666666,0.7991666666666667,,0.7651666666666667,0.7512916666666667,0.6022083333333332,0.695,0.6229999999999999,0.6614166666666667,0.7930416666666668,0.7926666666666667,0.7930416666666668,mooe_rff2000_100_2_0.01
realD,insects_incremental_balanced,0.677627416520211,0.6776625659050968,0.6779437609841827,0.674622144112478,0.674182776801406,0.6746572934973638,0.6680140597539543,,0.6318277680140597,0.6357293497363796,0.5437434094903338,0.5891388400702988,0.5385588752196836,0.47289982425307553,0.6542179261862917,0.6545342706502635,0.6545342706502635,mooe_rff4000_100_2_0.01
realD,insects_incremental_reoccurring_balanced,0.810125313283208,0.808032581453634,0.8085213032581454,0.7914912280701755,0.7874812030075189,0.8013157894736843,0.8062155388471177,,0.769548872180451,0.7688847117794487,0.6197744360902256,0.7153258145363408,0.5749624060150377,0.6523558897243107,0.7900375939849624,0.7916165413533836,0.7916165413533836,mooe_rff4000_100_2_0.01
fam,rbf_s10,0.9192737430167598,0.9156983240223462,0.9186033519553072,0.9052513966480448,0.9058100558659217,0.9123463687150838,0.9125139664804469,0.9405027932960892,,,,,,,,,,
fam,rbf_s11,0.9170391061452513,0.9150837988826813,0.9162011173184358,0.9038547486033518,0.9032960893854749,0.9036871508379888,0.9116201117318437,0.941731843575419,,,,,,,,,,
fam,rbf_s12,0.914804469273743,0.9100558659217878,0.9136871508379889,0.8992737430167597,0.898826815642458,0.9060893854748603,0.907709497206704,0.9343016759776537,,,,,,,,,,
fam,rbf_s13,0.8989385474860336,0.8978212290502792,0.8994972067039108,0.8843016759776537,0.8846927374301676,0.8930726256983239,0.8896089385474861,0.921564245810056,,,,,,,,,,
fam,rbf_s14,0.9190502793296089,0.9159217877094972,0.9184916201117317,0.9008938547486033,0.9000558659217877,0.9133519553072627,0.9123463687150838,0.9420111731843576,,,,,,,,,,
fam,sea_s10,0.9906145251396647,0.9853072625698325,0.9894972067039106,0.97,0.969776536312849,0.9868715083798884,0.9877653631284916,0.9946368715083799,,,,,,,,,,
fam,sea_s11,0.9919553072625699,0.9862569832402234,0.9906145251396647,0.9710055865921788,0.9703910614525139,0.9885474860335195,0.9877653631284916,0.9959217877094972,,,,,,,,,,
fam,sea_s12,0.990949720670391,0.9845810055865922,0.989608938547486,0.9685474860335196,0.9692737430167597,0.9868156424581005,0.9863128491620112,0.9949720670391061,,,,,,,,,,
fam,sea_s13,0.9894972067039106,0.985027932960894,0.9884357541899442,0.9718435754189944,0.9712849162011172,0.9879888268156423,0.985754189944134,0.9947486033519554,,,,,,,,,,
fam,sea_s14,0.9897206703910615,0.9856424581005587,0.9883240223463685,0.9712849162011173,0.9714525139664806,0.9879329608938546,0.9863128491620112,0.9941340782122904,,,,,,,,,,
fam,sine_s10,0.950460251046025,0.9500836820083681,0.9502092050209203,0.7745188284518829,0.7749372384937239,0.9481171548117155,0.9442259414225942,0.9814644351464434,,,,,,,,,,
fam,sine_s11,0.9502092050209204,0.9493723849372386,0.9498744769874478,0.7735564853556485,0.7730125523012552,0.9496652719665273,0.945397489539749,0.9810460251046026,,,,,,,,,,
fam,sine_s12,0.949581589958159,0.9492468619246862,0.9494560669456068,0.7748535564853556,0.7747280334728035,0.9472803347280335,0.9441841004184102,0.9818410041841005,,,,,,,,,,
fam,sine_s13,0.9513389121338911,0.9505857740585774,0.9512552301255228,0.7742677824267783,0.7735983263598327,0.949958158995816,0.9456485355648535,0.9819665271966528,,,,,,,,,,
fam,sine_s14,0.949581589958159,0.9494979079497908,0.9494142259414226,0.7754811715481172,0.7736401673640168,0.9493305439330545,0.9439748953974896,0.9809205020920503,,,,,,,,,,
fam,stagger_s10,0.9732402234636872,0.9730726256983241,0.9730726256983241,0.8550837988826816,0.8563128491620112,0.9732402234636872,0.9732402234636872,0.9935195530726257,,,,,,,,,,
fam,stagger_s11,0.9741899441340782,0.9739664804469274,0.9739664804469274,0.8540782122905027,0.8578212290502794,0.9741899441340782,0.9741899441340782,0.9940782122905027,,,,,,,,,,
fam,stagger_s12,0.9733519553072625,0.9732402234636872,0.9732402234636872,0.8554189944134079,0.8590502793296089,0.9733519553072625,0.9733519553072625,0.9940223463687151,,,,,,,,,,
fam,stagger_s13,0.9732402234636872,0.9732402234636872,0.9732402234636872,0.8559776536312851,0.8568156424581006,0.9732402234636872,0.9732402234636872,0.9933519553072626,,,,,,,,,,
fam,stagger_s14,0.9736312849162011,0.9736312849162011,0.9736312849162011,0.8549162011173185,0.8565921787709496,0.9736312849162011,0.9736312849162011,0.9937430167597765,,,,,,,,,,
realC,covertype,0.945416944629753,0.9505070046697798,0.9504469646430955,0.9478519012675116,0.946817878585724,0.943408939292862,0.9487191460973984,,0.8261841227484988,0.9190193462308206,0.8143228819212809,0.8895263509006005,0.8239626417611741,0.7851434289526351,0.8107471647765176,0.812088058705804,0.9190193462308206,srp
realC,insects_abrupt_imbalanced,0.7984389593062042,0.7980987324883255,0.7984989993328885,0.7939759839893262,0.7901534356237492,0.7961507671781188,0.792361574382922,,0.7675116744496331,0.7699199466310874,0.6207471647765177,0.715803869246164,0.5567911941294196,0.6708205470313542,0.7929152768512341,0.7934356237491662,0.7934356237491662,mooe_rff4000_100_2_0.01
realC,insects_gradual_imbalanced,0.819127094972067,0.818945530726257,0.8192946927374302,0.8164245810055866,0.8133310055865922,0.8165782122905028,0.8135893854748603,,0.7870879888268157,0.78893156424581,0.6102234636871509,0.7465013966480447,0.6136801675977653,0.7030027932960894,0.8134916201117319,0.8143226256983241,0.8143226256983241,mooe_rff4000_100_2_0.01
realC,insects_incremental_abrupt_balanced,0.788170426065163,0.7855513784461153,0.7876691729323307,0.7669674185463659,0.7615914786967418,0.7772681704260651,0.7788847117794485,,0.7441979949874686,0.7409273182957393,0.5843859649122808,0.6912406015037593,0.6153508771929824,0.6268796992481203,0.7685839598997494,0.7691102756892231,0.7691102756892231,mooe_rff4000_100_2_0.01
realG,h2_airlines,0.6884884884884884,0.6905805805805806,0.6904704704704704,0.69008008008008,0.6851051051051051,0.68998998998999,0.6805005005005005,,0.6736336336336336,0.6797597597597597,0.656066066066066,0.6822322322322322,0.6628728728728729,0.6354354354354353,0.6345545545545547,0.6345945945945947,0.6822322322322322,levbag
realG,h2_phishing,0.9455045871559632,0.9459633027522937,0.9459633027522937,0.9456880733944956,0.9457798165137612,0.9456880733944956,0.9411009174311926,,0.9365137614678898,0.9382568807339449,0.8896330275229356,0.9156880733944954,0.8944036697247706,0.9066055045871557,0.9402752293577982,0.9438532110091742,0.9438532110091742,mooe_rff4000_100_2_0.01
realG,h2_poker,0.9024124124124124,0.9296696696696697,0.9248048048048048,0.9255655655655656,0.899069069069069,0.8441441441441441,0.9112912912912912,,0.7423123123123122,0.7828328328328328,0.636026026026026,0.7573473473473474,0.6508308308308309,0.7335735735735736,0.822982982982983,0.8283983983983984,0.8283983983983984,mooe_rff4000_100_2_0.01
realG,h2_rialto,0.819902557856273,0.8219244823386114,0.8223386114494519,0.7745797807551766,0.7746406820950061,0.7793422655298415,0.8079171741778318,,0.6171376370280146,0.5863580998781973,0.2789159561510353,0.4801705237515226,0.27397076735688186,0.6026065773447016,0.6279658952496956,0.6426674786845312,0.6426674786845312,mooe_rff4000_100_2_0.01
realG,h2_spam,0.9424590163934427,0.9424590163934427,0.9454098360655738,0.9449180327868851,0.9470491803278688,0.941311475409836,0.9421311475409836,,0.8668852459016393,0.8873770491803279,0.8018032786885246,0.8598360655737706,0.8409836065573769,0.8639344262295081,0.9081967213114754,0.914590163934426,0.914590163934426,mooe_rff4000_100_2_0.01
realG,h2_weather,0.8073333333333333,0.8107222222222221,0.8108888888888888,0.8107777777777778,0.804611111111111,0.8107777777777778,0.8023888888888889,,0.7819999999999999,0.7837222222222222,0.7217222222222224,0.7780000000000001,0.7398333333333335,0.7048333333333333,0.7924444444444444,0.7932777777777777,0.7932777777777777,mooe_rff4000_100_2_0.01
realH,h3_airlines_b,0.7018818818818819,0.7047847847847848,0.7047747747747747,0.7055855855855856,0.69988988988989,0.7054654654654654,0.6986386386386387,,0.6905505505505505,0.7002302302302302,0.6695795795795796,0.6998598598598599,0.6911311311311312,0.6580480480480481,0.6575775775775776,0.6573973973973974,0.7002302302302302,srp
realH,h3_airlines_c,0.6502102102102102,0.6522522522522521,0.6523223223223223,0.6511311311311312,0.6445145145145145,0.6497797797797799,0.6430930930930931,,0.6355055055055056,0.6499899899899899,0.6051651651651653,0.6437837837837836,0.6148148148148147,0.5773373373373373,0.5886786786786787,0.5895195195195194,0.6499899899899899,srp
realH,h3_covertype_b,0.9640440440440441,0.9658358358358359,0.966006006006006,0.9661661661661662,0.9656956956956957,0.9566566566566567,0.9655755755755756,,0.815095095095095,0.9187487487487488,0.7347247247247247,0.8471571571571572,0.7427927927927928,0.6845445445445447,0.7303103103103104,0.7333633633633634,0.9187487487487488,srp
realH,h3_covertype_c,0.9566366366366367,0.9571971971971972,0.9572172172172172,0.9569569569569569,0.9578378378378378,0.9186586586586588,0.9570070070070069,,0.5473173173173173,0.8022822822822823,0.624034034034034,0.6160260260260261,0.7018118118118117,0.5465065065065066,0.7512912912912912,0.7502202202202203,0.8022822822822823,srp
realH,h3_insects_b,0.8167867867867868,0.8166766766766766,0.8167767767767768,0.814164164164164,0.80994994994995,0.8137937937937938,0.8121121121121121,,0.7858258258258258,0.7821721721721723,0.6501501501501501,0.749029029029029,0.6016416416416416,0.7001801801801802,0.81007007007007,0.811061061061061,0.811061061061061,mooe_rff4000_100_2_0.01
realH,h3_insects_c,0.856926926926927,0.8565865865865866,0.8567367367367368,0.8542642642642644,0.8496096096096096,0.8545245245245245,0.8528128128128128,,0.8290790790790791,0.8283783783783784,0.6771071071071072,0.8113013013013013,0.6786286286286287,0.7769169169169169,0.8537237237237237,0.8547947947947948,0.8547947947947948,mooe_rff4000_100_2_0.01
realH,h3_poker_b,0.9166066066066065,0.9397697697697697,0.937007007007007,0.934004004004004,0.9152752752752753,0.8504404404404403,0.9222822822822823,,0.7281681681681682,0.7646346346346347,0.6218818818818819,0.7228928928928928,0.6008608608608609,0.7175175175175175,0.6861561561561562,0.6915115115115116,0.7646346346346347,srp
realH,h3_poker_c,0.9017817817817818,0.9216216216216216,0.9170370370370371,0.9087187187187187,0.8833933933933934,0.8343443443443443,0.8977577577577578,,0.7124224224224224,0.7464964964964965,0.5603103103103103,0.7105205205205205,0.6111111111111112,0.7144344344344344,0.7022822822822823,0.7085685685685684,0.7464964964964965,srp
realI,h4_airlines_d,0.6591591591591591,0.6598998998998999,0.6599599599599599,0.6580580580580581,0.6474074074074074,0.6577377377377378,0.6448848848848849,,0.6409309309309309,0.6627027027027027,0.604904904904905,0.6554754754754755,0.6222822822822823,0.5821021021021021,0.587027027027027,0.5867967967967969,0.6627027027027027,srp
realI,h4_airlines_e,0.6554354354354354,0.6559159159159159,0.6557757757757757,0.6545545545545547,0.6482382382382382,0.6534534534534535,0.6415015015015015,,0.6363763763763763,0.6497797797797799,0.6043543543543544,0.6487187187187187,0.6193493493493494,0.5732832832832834,0.5835035035035034,0.5836336336336337,0.6497797797797799,srp
realI,h4_covertype_d,0.9621021021021021,0.9623923923923925,0.9624724724724725,0.9619319319319319,0.9620920920920922,0.8968668668668669,0.9616316316316317,,0.5985785785785785,0.7757557557557557,0.6357757757757757,0.6163063063063063,0.6537037037037037,0.6050850850850851,0.7247047047047047,0.7270070070070069,0.7757557557557557,srp
realI,h4_covertype_e,0.9713313313313313,0.971941941941942,0.972012012012012,0.9719819819819819,0.9717517517517519,0.9672772772772773,0.9717517517517518,,0.7558858858858859,0.9294194194194194,0.6912012012012012,0.7830130130130131,0.730880880880881,0.6323523523523524,0.8366866866866867,0.8390390390390391,0.9294194194194194,srp
realI,h4_poker_d,0.9213513513513514,0.944894894894895,0.9408008008008009,0.9414414414414415,0.9164364364364365,0.8457057057057057,0.9287987987987987,,0.735115115115115,0.7793993993993994,0.6432532532532532,0.7457457457457457,0.6373173173173173,0.7236936936936937,0.7571171171171172,0.766046046046046,0.7793993993993994,srp
realI,h4_poker_e,0.8992292292292293,0.9233833833833834,0.9238338338338338,0.9182982982982985,0.8910710710710711,0.8323223223223223,0.9046546546546547,,0.7028428428428428,0.7353153153153154,0.5617017017017016,0.7134034034034035,0.589199199199199,0.7124224224224225,0.741071071071071,0.7579779779779781,0.7579779779779781,mooe_rff4000_100_2_0.01
tabicl,covertype,0.9466644429619746,0.9519279519679786,0.9515143428952636,0.9491194129419613,,0.935003335557038,0.9495463642428285,,,,,,,,,,,
tabicl,insects_abrupt_imbalanced,0.8014676450967312,0.8007338225483656,0.8014009339559708,0.7970313542361575,,0.7991794529686458,0.7945763842561709,,,,,,,,,,,
tabicl,insects_gradual_imbalanced,0.8207472067039105,0.8213617318435754,0.8215712290502791,0.8194483240223464,,0.8194273743016759,0.8155586592178772,,,,,,,,,,,
tabicl,insects_incremental_abrupt_balanced,0.7878696741854637,0.7859649122807019,0.7881829573934838,0.768671679197995,,0.7798746867167918,0.7794862155388471,,,,,,,,,,,
