stream,batches,mice,arch,ddm,fifo,winens,mice_rec5,arch_rec5,ddm_rec5,fifo_rec5,winens_rec5,cond,nc,d_ddm,d_ddm_rec5,d_fifo,d_fifo_rec5,d_winens,d_winens_rec5,d_arch,d_arch_rec5
mis_b1300_c100_s30,116,81.75,82.40517241379311,80.46551724137932,64.02586206896552,77.25862068965517,74.9,75.53333333333333,63.96666666666667,31.366666666666667,60.0,b1300,100,1.2844827586206833,10.933333333333337,17.724137931034477,43.53333333333334,4.491379310344826,14.900000000000006,-0.6551724137931103,-0.6333333333333258
mis_b1300_c100_s31,116,81.6896551724138,82.68103448275862,80.9396551724138,66.41379310344827,77.25,73.8,75.7,64.36666666666666,35.233333333333334,60.6,b1300,100,0.75,9.433333333333337,15.275862068965523,38.56666666666666,4.439655172413794,13.199999999999996,-0.9913793103448256,-1.9000000000000057
mis_b1300_c30_s30,116,91.92241379310344,92.12068965517241,92.12931034482759,72.26724137931035,90.84482758620689,82.86666666666666,84.73333333333333,81.8,37.13333333333333,79.33333333333333,b1300,30,-0.20689655172414234,1.0666666666666629,19.655172413793096,45.73333333333333,1.0775862068965552,3.5333333333333314,-0.19827586206896797,-1.8666666666666742
mis_b1300_c30_s31,116,91.5,91.67241379310344,91.76724137931035,72.00862068965517,90.56896551724138,81.2,82.96666666666667,80.9,35.233333333333334,78.86666666666666,b1300,30,-0.26724137931034875,0.29999999999999716,19.491379310344826,45.96666666666667,0.9310344827586192,2.333333333333343,-0.17241379310344485,-1.7666666666666657
mis_b700_c100_s30,62,72.24193548387096,74.06451612903226,71.11290322580645,44.435483870967744,65.69354838709677,70.2,73.56666666666666,63.13333333333333,32.13333333333333,57.733333333333334,b700,100,1.1290322580645125,7.06666666666667,27.806451612903217,38.06666666666667,6.548387096774192,12.466666666666669,-1.8225806451612954,-3.36666666666666
mis_b700_c100_s31,62,72.88709677419355,74.7258064516129,71.01612903225806,48.04838709677419,66.8225806451613,72.3,75.63333333333334,63.333333333333336,37.1,58.5,b700,100,1.8709677419354875,8.966666666666661,24.83870967741936,35.199999999999996,6.064516129032256,13.799999999999997,-1.8387096774193452,-3.333333333333343
mis_b700_c30_s30,62,86.29032258064517,87.40322580645162,86.56451612903226,50.53225806451613,84.59677419354838,81.16666666666667,83.53333333333333,81.1,35.53333333333333,78.06666666666666,b700,30,-0.274193548387089,0.06666666666667709,35.75806451612904,45.63333333333334,1.693548387096783,3.1000000000000085,-1.1129032258064484,-2.36666666666666
mis_b700_c30_s31,62,86.80645161290323,87.90322580645162,86.7258064516129,52.774193548387096,83.48387096774194,81.86666666666666,84.13333333333334,80.66666666666667,37.266666666666666,74.86666666666666,b700,30,0.0806451612903345,1.1999999999999886,34.032258064516135,44.599999999999994,3.3225806451612954,7.0,-1.0967741935483843,-2.26666666666668
mis_bvar_c100_s30,134,82.68656716417911,83.82835820895522,81.81343283582089,69.36567164179104,79.36567164179104,70.0,74.3,62.13333333333333,32.6,58.96666666666667,bvar,100,0.8731343283582191,7.866666666666667,13.32089552238807,37.4,3.3208955223880707,11.033333333333331,-1.141791044776113,-4.299999999999997
mis_bvar_c100_s31,180,85.23333333333333,85.90555555555555,84.42777777777778,75.59444444444445,82.45,71.96666666666667,75.1,63.6,36.6,60.4,bvar,100,0.8055555555555571,8.366666666666667,9.638888888888886,35.36666666666667,2.7833333333333314,11.56666666666667,-0.6722222222222172,-3.1333333333333258
mis_bvar_c30_s30,134,92.65671641791045,92.88059701492537,92.36567164179104,76.05223880597015,91.64179104477611,81.46666666666667,83.83333333333333,79.0,36.166666666666664,77.66666666666667,bvar,30,0.2910447761194064,2.4666666666666686,16.604477611940297,45.300000000000004,1.0149253731343322,3.799999999999997,-0.2238805970149258,-2.36666666666666
mis_bvar_c30_s31,180,93.76666666666667,94.54444444444445,94.50555555555556,81.31111111111112,93.58888888888889,80.13333333333334,83.93333333333334,82.4,35.166666666666664,80.2,bvar,30,-0.7388888888888943,-2.2666666666666657,12.455555555555549,44.966666666666676,0.17777777777777715,-0.06666666666666288,-0.7777777777777857,-3.799999999999997
