stream,mice_experts,mice_calls,mice_rows_min,mice_rows_max,arch_experts,arch_calls,arch_rows,snap_experts,snap_calls,snap_rows
grid_c100_b2000_s20,5.597765363128492,6.4916201117318435,1298.8826815642458,2597.7653631284916,12.888268156424582,12.888268156424582,4944.134078212291,12.888268156424582,12.888268156424582,9720.670391061452
grid_c100_b2000_s21,5.597765363128492,6.4916201117318435,1298.8826815642458,2597.7653631284916,12.888268156424582,12.888268156424582,4944.134078212291,12.888268156424582,12.888268156424582,9720.670391061452
grid_c100_b500_s20,5.386363636363637,6.159090909090909,1193.1818181818182,2386.3636363636365,7.090909090909091,7.090909090909091,2045.4545454545455,7.090909090909091,7.090909090909091,3636.3636363636365
grid_c100_b500_s21,5.386363636363637,6.159090909090909,1193.1818181818182,2386.3636363636365,7.090909090909091,7.090909090909091,2045.4545454545455,7.090909090909091,7.090909090909091,3636.3636363636365
grid_c30_b2000_s20,5.597765363128492,6.4916201117318435,1298.8826815642458,2597.7653631284916,12.888268156424582,12.888268156424582,4944.134078212291,12.888268156424582,12.888268156424582,9720.670391061452
grid_c30_b2000_s21,5.597765363128492,6.4916201117318435,1298.8826815642458,2597.7653631284916,12.888268156424582,12.888268156424582,4944.134078212291,12.888268156424582,12.888268156424582,9720.670391061452
grid_c30_b500_s20,5.386363636363637,6.159090909090909,1193.1818181818182,2386.3636363636365,7.090909090909091,7.090909090909091,2045.4545454545455,7.090909090909091,7.090909090909091,3636.3636363636365
grid_c30_b500_s21,5.386363636363637,6.159090909090909,1193.1818181818182,2386.3636363636365,7.090909090909091,7.090909090909091,2045.4545454545455,7.090909090909091,7.090909090909091,3636.3636363636365
grid_c5_b2000_s20,5.597765363128492,6.4916201117318435,1298.8826815642458,2597.7653631284916,12.888268156424582,12.888268156424582,4944.134078212291,12.888268156424582,12.888268156424582,9720.670391061452
grid_c5_b2000_s21,5.597765363128492,6.4916201117318435,1298.8826815642458,2597.7653631284916,12.888268156424582,12.888268156424582,4944.134078212291,12.888268156424582,12.888268156424582,9720.670391061452
grid_c5_b500_s20,5.386363636363637,6.159090909090909,1193.1818181818182,2386.3636363636365,7.090909090909091,7.090909090909091,2045.4545454545455,7.090909090909091,7.090909090909091,3636.3636363636365
grid_c5_b500_s21,5.386363636363637,6.159090909090909,1193.1818181818182,2386.3636363636365,7.090909090909091,7.090909090909091,2045.4545454545455,7.090909090909091,7.090909090909091,3636.3636363636365
