stream,batches,mice,mice_calls,mice_wt,arch,d_arch,arch_calls,arch_wt,snap,d_snap,snap_calls,snap_wt,nc,block
grid_c100_b2000_s20,179,86.28491620111731,6.4916201117318435,0.982721716332036,85.91620111731844,0.3687150837988827,12.888268156424582,2.2448799223873204,87.18994413407822,-0.9050279329608939,12.888268156424582,2.166743823269892,100,2000
grid_c100_b2000_s21,179,85.19553072625699,6.4916201117318435,0.9810879909792426,84.74301675977654,0.45251396648044695,12.888268156424582,2.2023647311013503,85.92737430167598,-0.7318435754189944,12.888268156424582,2.1900732783631907,100,2000
grid_c100_b500_s20,44,73.54545454545455,6.159090909090909,0.9421115842732516,73.1590909090909,0.38636363636363635,7.090909090909091,1.3324056213552302,66.22727272727273,7.318181818181818,7.090909090909091,1.1411279060623862,100,500
grid_c100_b500_s21,44,70.27272727272727,6.159090909090909,0.9366699944842946,69.20454545454545,1.0681818181818181,7.090909090909091,1.2338224378499119,60.36363636363637,9.909090909090908,7.090909090909091,1.2339199673045764,100,500
grid_c30_b2000_s20,179,93.43575418994413,6.4916201117318435,0.9794716075811972,93.37430167597765,0.061452513966480445,12.888268156424582,2.4485596438359947,93.56424581005587,-0.12849162011173185,12.888268156424582,2.069293106068446,30,2000
grid_c30_b2000_s21,179,94.48603351955308,6.4916201117318435,0.9800384937051955,94.50837988826815,-0.0223463687150838,12.888268156424582,2.1016437461256317,94.48603351955308,3.9695124902798894e-17,12.888268156424582,2.0336670262853525,30,2000
grid_c30_b500_s20,44,81.38636363636364,6.159090909090909,0.9376116124066439,81.36363636363636,0.022727272727272728,7.090909090909091,1.3055644197897478,76.4090909090909,4.9772727272727275,7.090909090909091,1.2327624451030383,30,500
grid_c30_b500_s21,44,82.93181818181819,6.159090909090909,0.9412695115262811,82.9090909090909,0.022727272727272686,7.090909090909091,1.5094134645028547,77.36363636363636,5.568181818181818,7.090909090909091,1.132815805348483,30,500
grid_c5_b2000_s20,179,96.50279329608938,6.4916201117318435,0.9803910628377392,96.53072625698324,-0.027932960893854747,12.888268156424582,2.3446263148131985,96.25698324022346,0.24581005586592178,12.888268156424582,2.1864907581712947,5,2000
grid_c5_b2000_s21,179,97.07262569832402,6.4916201117318435,0.9781310331888039,97.07262569832402,0.0,12.888268156424582,2.1291129349330284,97.07262569832402,0.0,12.888268156424582,2.1548204328760754,5,2000
grid_c5_b500_s20,44,87.1590909090909,6.159090909090909,0.9406359141523187,87.1590909090909,0.0,7.090909090909091,1.3506601832129739,83.9090909090909,3.25,7.090909090909091,1.362380482933738,5,500
grid_c5_b500_s21,44,89.97727272727273,6.159090909090909,0.9232433438301086,89.97727272727273,0.0,7.090909090909091,1.3357227607206865,86.4090909090909,3.5681818181818183,7.090909090909091,1.2637470418756658,5,500
