stream,mice,mice2,ddm1000,fifo1000,winens1000,cell
grid_c100_b2000_s10,0.8763128491620109,0.8752513966480444,0.8504469273743018,0.7553072625698324,0.8249162011173182,grid_c100_b2000
grid_c100_b2000_s11,0.8705027932960894,0.869608938547486,0.8447486033519552,0.7440223463687151,0.8188826815642457,grid_c100_b2000
grid_c100_b500_s10,0.7322727272727273,0.7302272727272728,0.6486363636363637,0.44136363636363635,0.6136363636363635,grid_c100_b500
grid_c100_b500_s11,0.7213636363636364,0.7163636363636363,0.6334090909090909,0.40318181818181814,0.5963636363636362,grid_c100_b500
grid_c30_b2000_s10,0.9517318435754191,0.9515642458100559,0.9439664804469275,0.8300558659217876,0.9358659217877094,grid_c30_b2000
grid_c30_b2000_s11,0.9383798882681565,0.9385474860335196,0.9354748603351954,0.7848044692737428,0.9234078212290504,grid_c30_b2000
grid_c30_b500_s10,0.8375,0.8379545454545457,0.8265909090909088,0.5118181818181817,0.8086363636363636,grid_c30_b500
grid_c30_b500_s11,0.8188636363636363,0.8190909090909092,0.7845454545454544,0.3654545454545454,0.7838636363636364,grid_c30_b500
grid_c5_b2000_s10,0.9666480446927375,0.9666480446927375,0.9697206703910614,0.8378212290502794,0.96268156424581,grid_c5_b2000
grid_c5_b2000_s11,0.9604469273743018,0.960391061452514,0.9579888268156423,0.82,0.9544692737430167,grid_c5_b2000
grid_c5_b500_s10,0.864090909090909,0.7493181818181818,0.8738636363636364,0.4881818181818183,0.725,grid_c5_b500
grid_c5_b500_s11,0.8565909090909091,0.8565909090909091,0.8036363636363636,0.385909090909091,0.8134090909090909,grid_c5_b500
agrawal_s10,0.9687866108786611,0.9687866108786609,0.9640167364016736,0.8618828451882845,0.9574895397489541,agrawal
agrawal_s11,0.9680753138075314,0.9678661087866108,0.9642677824267784,0.863347280334728,0.9577824267782428,agrawal
agrawal_s12,0.9665690376569037,0.9667364016736402,0.9645606694560671,0.8654811715481172,0.9564016736401673,agrawal
agrawal_s13,0.9677824267782428,0.9680334728033473,0.9629707112970711,0.8630125523012552,0.9562761506276151,agrawal
agrawal_s14,0.9678661087866108,0.9678242677824268,0.9642677824267781,0.8630543933054392,0.957071129707113,agrawal
hyperplane_s10,0.9235195530726257,0.9160893854748601,0.9102234636871509,0.8994413407821229,0.9097765363128492,hyperplane
hyperplane_s11,0.9254748603351955,0.9199441340782122,0.9154189944134079,0.9087150837988826,0.9146927374301677,hyperplane
hyperplane_s12,0.9217877094972067,0.9151396648044693,0.9079888268156426,0.8964245810055866,0.907653631284916,hyperplane
hyperplane_s13,0.9204469273743017,0.91536312849162,0.901117318435754,0.8817318435754189,0.9030167597765363,hyperplane
hyperplane_s14,0.9251396648044693,0.9193296089385475,0.9127932960893855,0.8889385474860335,0.9072067039106144,hyperplane
rbf_s10,0.9192737430167598,0.9173743016759776,0.9123463687150838,0.9052513966480448,0.9125139664804469,rbf
rbf_s11,0.9170391061452513,0.9159776536312848,0.9036871508379888,0.9038547486033518,0.9116201117318437,rbf
rbf_s12,0.914804469273743,0.9113966480446928,0.9060893854748603,0.8992737430167597,0.907709497206704,rbf
rbf_s13,0.8989385474860336,0.8989385474860335,0.8930726256983239,0.8843016759776537,0.8896089385474861,rbf
rbf_s14,0.9190502793296089,0.9182122905027932,0.9133519553072627,0.9008938547486033,0.9123463687150838,rbf
sea_s10,0.9906145251396647,0.9889385474860336,0.9868715083798884,0.97,0.9877653631284916,sea
sea_s11,0.9919553072625699,0.9898882681564246,0.9885474860335195,0.9710055865921788,0.9877653631284916,sea
sea_s12,0.990949720670391,0.9891620111731844,0.9868156424581005,0.9685474860335196,0.9863128491620112,sea
sea_s13,0.9894972067039106,0.9878770949720671,0.9879888268156423,0.9718435754189944,0.985754189944134,sea
sea_s14,0.9897206703910615,0.9886033519553074,0.9879329608938546,0.9712849162011173,0.9863128491620112,sea
sine_s10,0.950460251046025,0.9505020920502092,0.9481171548117155,0.7745188284518829,0.9442259414225942,sine
sine_s11,0.9502092050209204,0.9502510460251047,0.9496652719665273,0.7735564853556485,0.945397489539749,sine
sine_s12,0.949581589958159,0.9497907949790796,0.9472803347280335,0.7748535564853556,0.9441841004184102,sine
sine_s13,0.9513389121338911,0.951255230125523,0.949958158995816,0.7742677824267783,0.9456485355648535,sine
sine_s14,0.949581589958159,0.9496652719665272,0.9493305439330545,0.7754811715481172,0.9439748953974896,sine
stagger_s10,0.9732402234636872,0.9732402234636872,0.9732402234636872,0.8550837988826816,0.9732402234636872,stagger
stagger_s11,0.9741899441340782,0.9741899441340782,0.9741899441340782,0.8540782122905027,0.9741899441340782,stagger
stagger_s12,0.9733519553072625,0.9733519553072625,0.9733519553072625,0.8554189944134079,0.9733519553072625,stagger
stagger_s13,0.9732402234636872,0.9732402234636872,0.9732402234636872,0.8559776536312851,0.9732402234636872,stagger
stagger_s14,0.9736312849162011,0.9736312849162011,0.9736312849162011,0.8549162011173185,0.9736312849162011,stagger
