group,stream,fifo,ddm,winens,frozen,orig,hedge5_0,hedge10_.5,prior.5,prior.8,prior.95,gate_z1_H1,gate_z1_H1-3,gate_z1_H1-3-10,gate_z2_H1,gate_z2_H1-3,gate_z2_H1-3-10,gate_z3_H1,gate_z3_H1-3,gate_z3_H1-3-10
grid_dev,grid_c100_b2000_s0,0.7446927374301678,0.8291061452513968,0.8064804469273744,0.8601675977653633,0.8451396648044691,0.8609497206703911,0.8427932960893856,0.8591620111731845,0.8563128491620113,0.8530167597765363,0.8572067039106145,0.858491620111732,0.8597206703910615,0.8570391061452516,0.8577653631284917,0.8591061452513968,0.8552513966480448,0.8572625698324023,0.8591620111731845
grid_dev,grid_c100_b2000_s1,0.7332402234636871,0.8206703910614526,0.7964245810055866,0.8487150837988827,0.836927374301676,0.8491061452513967,0.8327374301675978,0.8481564245810057,0.8468156424581005,0.8423463687150838,0.8468715083798883,0.8470949720670391,0.8486033519553073,0.8468156424581005,0.8469832402234637,0.8486033519553071,0.8461452513966481,0.8468156424581005,0.8482122905027932
grid_dev,grid_c100_b500_s0,0.43068181818181817,0.6315909090909091,0.6034090909090909,0.7200000000000001,0.6745454545454546,0.7218181818181818,0.6668181818181819,0.7200000000000001,0.718409090909091,0.7140909090909092,0.7143181818181819,0.7190909090909092,0.7190909090909092,0.7143181818181819,0.7190909090909092,0.7190909090909092,0.7143181818181819,0.7190909090909092,0.7190909090909092
grid_dev,grid_c100_b500_s1,0.39681818181818174,0.6254545454545455,0.5834090909090909,0.7104545454545456,0.6581818181818182,0.7122727272727274,0.6534090909090909,0.7102272727272728,0.7090909090909091,0.6970454545454546,0.7113636363636364,0.7113636363636364,0.7113636363636364,0.7113636363636364,0.7113636363636364,0.7113636363636364,0.7086363636363637,0.7095454545454546,0.710909090909091
grid_dev,grid_c30_b2000_s0,0.8210055865921788,0.9375418994413409,0.9260893854748602,0.9444692737430168,0.9363687150837989,0.9443575418994413,0.9331843575418995,0.9437988826815642,0.9434078212290503,0.9415642458100559,0.9436871508379889,0.9437988826815642,0.9445810055865921,0.9434078212290503,0.9440223463687152,0.9446927374301677,0.9431843575418997,0.9439106145251397,0.9443575418994414
grid_dev,grid_c30_b2000_s1,0.7731843575418993,0.9327932960893853,0.9212849162011173,0.9383240223463688,0.9310055865921787,0.9383798882681564,0.9291061452513967,0.9384357541899442,0.9383798882681562,0.9377653631284917,0.9384916201117319,0.938659217877095,0.9381005586592179,0.9383240223463686,0.9384357541899442,0.9380446927374303,0.9384357541899442,0.9384357541899442,0.9381564245810057
grid_dev,grid_c30_b500_s0,0.48636363636363633,0.830681818181818,0.8059090909090909,0.8488636363636364,0.8218181818181818,0.8495454545454545,0.805681818181818,0.8488636363636364,0.8486363636363635,0.848409090909091,0.8488636363636364,0.8488636363636364,0.8488636363636364,0.8488636363636364,0.8488636363636364,0.8488636363636364,0.8488636363636364,0.8488636363636364,0.8488636363636364
grid_dev,grid_c30_b500_s1,0.3181818181818182,0.7981818181818183,0.7806818181818183,0.8143181818181818,0.7906818181818184,0.8154545454545455,0.7809090909090909,0.8143181818181818,0.8143181818181818,0.8118181818181818,0.8143181818181818,0.8143181818181818,0.8143181818181818,0.795909090909091,0.8143181818181818,0.8143181818181818,0.795909090909091,0.8143181818181818,0.8143181818181818
grid_dev,grid_c5_b2000_s0,0.8097206703910614,0.9642458100558661,0.9638547486033521,0.9635195530726258,0.9641899441340784,0.9635754189944135,0.9640223463687151,0.9635754189944135,0.9632402234636872,0.9610055865921788,0.9635195530726258,0.9635195530726258,0.9635195530726258,0.9635195530726258,0.9635195530726258,0.9635195530726258,0.9634636871508379,0.9635195530726258,0.9635195530726258
grid_dev,grid_c5_b2000_s1,0.7584357541899442,0.9513407821229052,0.9544134078212291,0.9551396648044692,0.9526256983240222,0.9551396648044692,0.9547486033519553,0.9550279329608938,0.9549720670391061,0.9495530726256984,0.9548603351955308,0.9549162011173185,0.9550837988826816,0.9549162011173185,0.9550279329608939,0.9550837988826816,0.9493854748603352,0.9494972067039107,0.9495530726256983
grid_dev,grid_c5_b500_s0,0.4481818181818182,0.8579545454545454,0.7868181818181817,0.8563636363636363,0.7840909090909091,0.8561363636363637,0.7531818181818182,0.8563636363636363,0.8563636363636363,0.8513636363636364,0.8563636363636363,0.8563636363636363,0.8563636363636363,0.8468181818181818,0.8468181818181818,0.8468181818181818,0.8468181818181818,0.8468181818181818,0.8468181818181818
grid_dev,grid_c5_b500_s1,0.1593181818181818,0.7952272727272726,0.6677272727272726,0.8006818181818183,0.6677272727272728,0.8006818181818183,0.6672727272727271,0.8006818181818183,0.8006818181818183,0.8006818181818183,0.8006818181818183,0.8006818181818183,0.8006818181818183,0.8006818181818183,0.8006818181818183,0.8006818181818183,0.8006818181818183,0.8006818181818183,0.8006818181818183
fam_dev,agrawal_s0,0.8660669456066946,0.9634309623430963,0.9571129707112971,0.9674058577405857,0.9632635983263599,0.9676569037656902,0.9622594142259415,0.967489539748954,0.9674058577405857,0.9663179916317991,0.9672803347280335,0.9673640167364016,0.9673640167364017,0.9672384937238493,0.9673221757322176,0.967405857740586,0.9672803347280335,0.9672803347280335,0.9674058577405859
fam_dev,hyperplane_s0,0.8975418994413408,0.9140223463687152,0.910391061452514,0.9245251396648045,0.9183240223463689,0.9224022346368715,0.9232402234636871,0.9227374301675979,0.916145251396648,0.9060335195530727,0.9225698324022346,0.9239664804469273,0.9243016759776536,0.9213966480446926,0.9235195530726257,0.9238547486033519,0.9135195530726256,0.9205027932960894,0.9210055865921787
fam_dev,rbf_s0,0.911340782122905,0.9185474860335197,0.9187150837988827,0.9222346368715083,0.9239664804469273,0.9236871508379888,0.923463687150838,0.9218994413407822,0.9193854748603352,0.916536312849162,0.9210055865921788,0.9216201117318438,0.9213966480446928,0.9213407821229052,0.9230726256983242,0.9237430167597767,0.9194972067039104,0.9226256983240222,0.9231843575418994
fam_dev,sea_s0,0.971173184357542,0.9860335195530726,0.9862569832402236,0.9904469273743018,0.9879888268156426,0.9897206703910616,0.989217877094972,0.9893854748603353,0.9840782122905029,0.9782122905027932,0.9906703910614526,0.9908379888268157,0.9908379888268157,0.9890502793296091,0.9898324022346369,0.9899441340782122,0.982122905027933,0.9881564245810056,0.9883798882681565
fam_dev,sine_s0,0.7735983263598326,0.9474058577405859,0.9434309623430963,0.9503347280334727,0.9484100418410043,0.9500418410041841,0.946610878661088,0.9503765690376569,0.9502510460251047,0.9497071129707114,0.9502928870292887,0.9502928870292887,0.9503765690376569,0.9502928870292887,0.9502510460251047,0.9503765690376569,0.9502928870292887,0.9502928870292887,0.9503347280334727
fam_dev,stagger_s0,0.8518994413407822,0.9723463687150838,0.9723463687150838,0.9723463687150838,0.9723463687150838,0.9723463687150838,0.9723463687150838,0.9723463687150838,0.9723463687150838,0.9723463687150838,0.9723463687150838,0.9723463687150838,0.9723463687150838,0.9723463687150838,0.9723463687150838,0.9723463687150838,0.9723463687150838,0.9723463687150838,0.9723463687150838
real_dev5,elec2,0.8095575221238938,0.7989159292035397,0.8070796460176991,0.8058407079646018,0.8047566371681416,0.8055973451327434,0.8035840707964602,0.805641592920354,0.8071238938053096,0.8087389380530974,0.8032964601769912,0.804778761061947,0.8041592920353983,0.8027212389380531,0.804491150442478,0.8041814159292036,0.8001106194690265,0.7990929203539823,0.7988274336283185
real_dev5,insects_abrupt_balanced,0.7652941176470587,0.7652941176470587,0.7739089184060721,0.7802846299810248,0.7784060721062619,0.7805123339658444,0.7785958254269449,0.7801897533206831,0.7782922201138519,0.776034155597723,0.7791650853889943,0.7797533206831121,0.7799620493358633,0.7769829222011386,0.7774762808349146,0.7775711574952561,0.7779506641366224,0.7783681214421252,0.7781214421252372
real_dev5,insects_gradual_balanced,0.7883333333333333,0.7992916666666666,0.7991666666666667,0.8066666666666668,0.8033333333333332,0.8053333333333332,0.8056666666666666,0.8064166666666667,0.8037083333333332,0.8000833333333333,0.805875,0.8058750000000001,0.805875,0.8047500000000001,0.805875,0.806125,0.8035833333333334,0.8044583333333333,0.8054583333333334
real_dev5,insects_incremental_balanced,0.674622144112478,0.6746572934973638,0.6680140597539543,0.677627416520211,0.6772583479789104,0.6762741652021089,0.6782776801405974,0.6774868189806679,0.6758875219683657,0.6751493848857645,0.6750263620386643,0.6749736379613357,0.6750263620386644,0.675079086115993,0.6753427065026362,0.6753602811950791,0.674622144112478,0.674622144112478,0.674622144112478
real_dev5,insects_incremental_reoccurring_balanced,0.7914912280701755,0.8013157894736843,0.8062155388471177,0.810125313283208,0.8081328320802006,0.8093107769423558,0.8087593984962407,0.8076817042606516,0.8056516290726816,0.8031203007518797,0.8087218045112781,0.8094987468671679,0.8096867167919798,0.806704260651629,0.8080576441102756,0.8079573934837093,0.8051754385964912,0.807155388471178,0.8077443609022555
real_C,covertype,0.9478519012675116,0.943408939292862,0.9487191460973984,0.945416944629753,0.94447631754503,0.9390793862575051,0.9451034022681788,0.9489326217478319,0.949192795196798,0.9488125416944629,0.9449299533022015,0.9452501667778519,0.9459573048699135,0.9452768512341563,0.9454703135423616,0.9456437625083389,0.9453502334889926,0.9458705803869245,0.945910607071381
real_C,insects_abrupt_imbalanced,0.7939759839893262,0.7961507671781188,0.792361574382922,0.7984389593062042,0.7975983989326219,0.7977118078719146,0.7987191460973982,0.7984189459639759,0.7972915276851235,0.796564376250834,0.7974316210807204,0.7974382921947966,0.7975183455637092,0.79707805203469,0.7971847898599066,0.7972381587725151,0.7968312208138759,0.7970313542361575,0.7971047364909941
real_C,insects_gradual_imbalanced,0.8164245810055866,0.8165782122905028,0.8135893854748603,0.819127094972067,0.8183170391061452,0.8182751396648045,0.8196019553072627,0.8186033519553073,0.8176256983240224,0.8171368715083798,0.8181075418994415,0.8182541899441341,0.8185335195530727,0.8174022346368714,0.8179259776536313,0.8179469273743016,0.8170740223463687,0.8176466480446928,0.8176675977653632
real_C,insects_incremental_abrupt_balanced,0.7669674185463659,0.7772681704260651,0.7788847117794485,0.788170426065163,0.7857017543859649,0.7879824561403508,0.7871929824561404,0.7872932330827067,0.7843483709273184,0.7806140350877192,0.786704260651629,0.7872431077694236,0.7869674185463658,0.785125313283208,0.7855639097744361,0.7856015037593986,0.7847243107769423,0.7860526315789473,0.7858646616541354
real_G,h2_airlines,0.69008008008008,0.68998998998999,0.6805005005005005,0.6884884884884884,0.6886386386386387,0.6886686686686687,0.688988988988989,0.6901901901901902,0.6905405405405406,0.6901401401401401,0.6892192192192191,0.6891591591591592,0.6891891891891891,0.6900600600600599,0.6900400400400399,0.6900500500500499,0.6900100100100099,0.6900100100100099,0.6900100100100099
real_G,h2_phishing,0.9456880733944956,0.9456880733944956,0.9411009174311926,0.9455045871559632,0.9445871559633028,0.9450458715596329,0.9465137614678899,0.9461467889908258,0.9455963302752294,0.9452293577981652,0.9456880733944953,0.9458715596330275,0.9460550458715596,0.9460550458715596,0.9460550458715595,0.9462385321100916,0.9456880733944953,0.9458715596330275,0.9458715596330275
real_G,h2_poker,0.9255655655655656,0.8441441441441441,0.9112912912912912,0.9024124124124124,0.9176876876876877,0.9017217217217216,0.9162262262262262,0.9159459459459459,0.9162962962962963,0.9168668668668669,0.9057057057057056,0.9066866866866866,0.9076176176176176,0.9056356356356356,0.9071771771771772,0.9081881881881881,0.9042242242242243,0.9054554554554554,0.9059259259259259
real_G,h2_rialto,0.7745797807551766,0.7793422655298415,0.8079171741778318,0.819902557856273,0.8207064555420218,0.8296589524969551,0.7968818514007309,0.8139951278928137,0.8060657734470158,0.7977588306942752,0.8128623629719854,0.815127892813642,0.8160657734470158,0.8087454323995128,0.8130085261875761,0.8141047503045067,0.8017661388550548,0.8056638246041413,0.8081120584652863
real_G,h2_spam,0.9449180327868851,0.941311475409836,0.9421311475409836,0.9424590163934427,0.9440983606557376,0.9427868852459016,0.9418032786885245,0.9437704918032787,0.9424590163934427,0.9418032786885245,0.940327868852459,0.94,0.94,0.9414754098360656,0.9427868852459016,0.9427868852459016,0.9408196721311475,0.941311475409836,0.941311475409836
real_G,h2_weather,0.8107777777777778,0.8107777777777778,0.8023888888888889,0.8073333333333333,0.8073333333333333,0.8069999999999999,0.8101666666666666,0.8094444444444444,0.8117777777777778,0.8113333333333335,0.8096111111111111,0.8101111111111111,0.8099444444444444,0.8103333333333332,0.8104444444444444,0.8104444444444444,0.8107222222222222,0.8107222222222222,0.8107222222222222
