stream,pol,resets,acc,f1,auc,ece,logloss,brier,entropy
insects_gradual_balanced,none,0,79.13333333333334,78.8380854753555,96.436391470044,2.1075030381356727,0.5967049722672209,0.2927268601099108,0.44322179101866716
insects_gradual_balanced,ddmM,4,80.0,79.62796361448116,96.6418020957212,1.7357480890659402,0.5768804584865624,0.2788314164973598,0.42788604793706553
insects_gradual_balanced,ddm,4,80.0,79.62796361448116,96.6418020957212,1.7357480890659402,0.5768804584865624,0.2788314164973598,0.42788604793706553
insects_gradual_balanced,ddm+half,11,79.47916666666667,79.14906356421709,96.54394113633552,1.9644796700765714,0.5851194496553784,0.28678475053521013,0.4377514438263986
insects_gradual_balanced,ddm+hedge,4,79.75416666666668,79.40660198402769,96.63854852117458,1.7743412904292857,0.5748550809287244,0.281118274777592,0.43838653863060273
insects_gradual_balanced,eddm,15,79.3375,78.99931986706736,96.42952371492109,2.014159695197373,0.5968363886380816,0.2901297558649103,0.44601369283975856
insects_gradual_balanced,eddm+half,20,79.37916666666666,79.04568682879992,96.48820055613038,1.781666423055029,0.5900181891924766,0.2888329615070304,0.44349911641332973
insects_gradual_balanced,eddm+hedge,18,79.80000000000001,79.46474516540624,96.61918520633114,1.300611302499936,0.5739736285881134,0.27985391524016023,0.4478270754745078
insects_gradual_balanced,fhddm,7,79.87916666666666,79.57613592806551,96.6051932759063,2.294301230487837,0.5796825694019941,0.2829468915075376,0.4211889742562144
insects_gradual_balanced,fhddm+half,7,79.54583333333333,79.23886490681828,96.55100509243407,1.9144285524188183,0.5852576795852524,0.2861796246933328,0.4394587367287814
insects_gradual_balanced,fhddm+hedge,7,79.80833333333334,79.51285049163667,96.58920160146985,1.8931991955026766,0.5796483956582331,0.2830948363316806,0.437733333587813
insects_gradual_balanced,hddma,5,80.625,80.29021932865139,96.72891913472145,1.4006815388869414,0.5672383140565487,0.27163350165386174,0.42612340908333574
insects_gradual_balanced,hddma+half,5,79.45416666666667,79.15905729626486,96.52106334679243,1.8252529050317476,0.5876427563626809,0.28789550562971855,0.44269905972854257
insects_gradual_balanced,hddma+hedge,5,80.29583333333333,79.98329731162734,96.71440426793959,1.3224742254218873,0.567167341454291,0.27484343161335173,0.43803916762276107
insects_gradual_balanced,hddmw,10,80.39166666666667,80.0661203588792,96.76099280034185,1.4296131500372804,0.5610963412034484,0.2723415271739714,0.42802852398004804
insects_gradual_balanced,hddmw+half,9,79.39166666666667,79.08889583550462,96.51170774535053,1.7701326851928063,0.5886084443698854,0.2883695709098495,0.4439950751481403
insects_gradual_balanced,hddmw+hedge,10,80.4625,80.14976916360578,96.7727907737153,1.1592314069424106,0.5602030927027847,0.2717372498623337,0.43870613217963017
insects_gradual_balanced,adwin,7,80.51666666666667,80.21126308583852,96.7816881056117,1.5573259088730862,0.5588187358352064,0.27198980824103813,0.4189443986354252
insects_gradual_balanced,adwin+half,8,79.50833333333334,79.21225896597934,96.53795607014094,1.9150061119895305,0.5853041722139714,0.28686565300448486,0.44005672249971484
insects_gradual_balanced,adwin+hedge,7,80.30833333333334,80.01040823104782,96.72881870278576,1.3017119407099293,0.5647286933801354,0.2739399449083056,0.43587780769664064
insects_gradual_balanced,ph,7,80.16666666666666,79.83544073397753,96.66798254452101,1.742508371448706,0.5701911786148373,0.2776532123399313,0.427682547373704
insects_gradual_balanced,ph+half,8,79.53750000000001,79.23826523385448,96.5409566938675,1.851923838873685,0.5837023408801054,0.28639888059582014,0.43838231826759233
insects_gradual_balanced,ph+hedge,8,80.16666666666666,79.84723923198386,96.6518095868146,1.2855649519877876,0.5727657056587409,0.278430629581979,0.44249877259779485
insects_gradual_balanced,kswin,6,80.925,80.60540064014626,96.87790173609756,1.3810783510143647,0.5485311301857164,0.26608295045191144,0.4164555899387569
insects_gradual_balanced,kswin+half,7,79.41666666666667,79.11621270663154,96.54553224176267,1.896431082306385,0.5845599437474421,0.2866506649389545,0.4417235939757175
insects_gradual_balanced,kswin+hedge,6,80.6125,80.30568176791348,96.80812047120165,1.1984466907323772,0.5564821450162786,0.26947689131469355,0.4330179407889447
